artist_id,artist_name,spotify_name,match_error,spotify_id,spotify_popularity,spotify_followers,spotify_listeners
/artists/10119580-22deg-halo,22° Halo,22º Halo,,6p355yiyJc67iSNeWLM8WH,11,1067,1500
/artists/9804639-22-halo,22 Halo,22º Halo,,6p355yiyJc67iSNeWLM8WH,11,1067,1500
/artists/7309389-a-crashed-blackbird-rosehip,A Crashed Blackbird Rosehip,A Crashed Blackbird Called Rosehip,,1NKizqgwDCXtUbMHeqA2Tv,6,88,635
/artists/6506249-a-crashed-blackbird-called-rosehip,A Crashed Blackbird Called Rosehip,A Crashed Blackbird Called Rosehip,,1NKizqgwDCXtUbMHeqA2Tv,6,88,635
/artists/5990259-aspell,A-Spell,A.Spell,,4zkmCFtAa1ETWHoZ2sNGvO,0,25,9
/artists/6128959-a-spell,A. Spell,A.Spell,,4zkmCFtAa1ETWHoZ2sNGvO,0,25,9
/artists/4323041-aeby,Aeby,Abby,X,4rNhP2V4a54UCel3QaVgGp,24,182,6900
/artists/81320-abby,Abby,Abby,,4rNhP2V4a54UCel3QaVgGp,24,182,6900
/artists/469752-abraham,Abraham,Abraham,,4aYE3YmQ5UotZWT2xEjtcC,22,7382,12900
/artists/9428864-abraham-ch,Abraham ,Abraham,,4aYE3YmQ5UotZWT2xEjtcC,22,7382,12900
/artists/5848834-abu,Abu,Abu,,0oXeb3Z8lPe5ObsbBGicML,44,91898,225300
/artists/9943654-abu-ch,Abu ,Abu,,0oXeb3Z8lPe5ObsbBGicML,44,91898,225300
/artists/8375378-agcrew,#AGCrew,Acres,X,3y43zXffnLmhyQD1K4QCmD,29,17632,28100
/artists/555641-acres,Acres,Acres,,3y43zXffnLmhyQD1K4QCmD,29,17632,28100
/artists/6982899-addis-pablo-and-the-suns-of-dub,Addis Pablo & the Suns of Dub,Addis Pablo & The Suns of Dub,,4d9hn4G3kDSUlmQFa2KQt7,1,216,153
/artists/7070604-addis-pablo-and-suns-of-dub,Addis Pablo & Suns of Dub,Addis Pablo & The Suns of Dub,,4d9hn4G3kDSUlmQFa2KQt7,1,216,153
/artists/1436091-aeiou,aeiou,Aeiou,,5Ae1YrTP8dkvA710BlvLOa,2,3678,223
/artists/5063913-aeiou-ch,Aeiou ,Aeiou,,5Ae1YrTP8dkvA710BlvLOa,2,3678,221
/artists/499520-al-bano,Al Bano,Al Bano,,2gpELJDuhOQi1DPcI0VFvw,52,89625,612300
/artists/8409373-al-bano-carrisi,Al Bano Carrisi,Al Bano,,2gpELJDuhOQi1DPcI0VFvw,52,89625,612300
/artists/9392004-alabaster-fr,Alabaster ,Alabaster,,0Twd08pgJMABmcMOoeyCL6,5,112,907
/artists/539948-alabaster,Alabaster,Alabaster,,0Twd08pgJMABmcMOoeyCL6,5,112,907
/artists/6342354-alaska-ch,Alaska ,Alaska,,1D8yVlgOfpn6lW5UfwOMj7,56,6534,837100
/artists/4428203-alaska-uk,Alaska ,Alaska,,1D8yVlgOfpn6lW5UfwOMj7,56,6534,837100
/artists/312849-alex-band,Alex Band,Alex Band,,6QEAuf6FEo9WJ3sm2vpJ5m,35,29367,42800
/artists/4979913-alex-max-band,Alex Max Band,Alex Band,,6QEAuf6FEo9WJ3sm2vpJ5m,35,29367,42800
/artists/183136-alex,Alex,Alex G,X,6lcwlkAjBPSKnFBZjjZFJs,60,201082,1200000
/artists/10157097-alex-g,Alex G,Alex G,,6lcwlkAjBPSKnFBZjjZFJs,60,201082,1200000
/artists/4635043-alexs,Alex-s,Alex G,X,6lcwlkAjBPSKnFBZjjZFJs,60,201082,1200000
/artists/3192666-alin-coen-band,Alin Coen Band,Alin Coen,,352PojxBglNK0F7TBbCWJm,41,34483,99600
/artists/645091-alin-coen,Alin Coen,Alin Coen,,352PojxBglNK0F7TBbCWJm,41,34483,99600
/artists/296901-almanach,Almanach,Almanac,X,2EJxcRlcIa5W1u2v42PvTv,49,48024,333000
/artists/10126886-almanac-vs,Almanac ,Almanac,,2EJxcRlcIa5W1u2v42PvTv,49,48024,333000
/artists/175225-altan,Altan,Altan,,6koEjb4607APXtFtjxvA5T,34,24048,55300
/artists/286952-alt,Alt,Altan,X,6koEjb4607APXtFtjxvA5T,34,24048,55300
/artists/292385-ami,Ami,Amir,X,6rl53MP8HSoiugpqzA50Zh,60,563693,1600000
/artists/56411-amir,Amir,Amir,,6rl53MP8HSoiugpqzA50Zh,60,563693,1600000
/artists/431601-and-also-the-trees,And Also the Trees,And Also the Trees,,5VBheISThaVWlptAJNcmrU,0,8,12000
/artists/3302236-also-the-trees,Also the Trees,And Also the Trees,,5VBheISThaVWlptAJNcmrU,0,8,36900
/artists/827104-anaheim,ANAHEIM,Andhim,X,6XJeFzmI6vrWyHcdB7EImP,54,108038,908100
/artists/4217321-andhim,Andhim,Andhim,,6XJeFzmI6vrWyHcdB7EImP,54,108038,908100
/artists/3472426-andy-egert,Andy Egert,Andy Egert Blues Band,,1X4spbuVtF3dBzgvQMPB2z,3,768,308
/artists/334057-andy-egert-blues-band,Andy Egert Blues Band,Andy Egert Blues Band,,1X4spbuVtF3dBzgvQMPB2z,3,768,308
/artists/9172264-arnika,Arnika,Anika,X,6fimwBQkUgYS2HweErgxN5,43,48600,200600
/artists/495126-annika,aNNika,Anika,X,6fimwBQkUgYS2HweErgxN5,44,48636,200300
/artists/100114-anika,Anika,Anika,,6fimwBQkUgYS2HweErgxN5,43,48600,200600
/artists/2426656-animals-as-leaders,Animals As Leaders,Animals As Leaders,,65C6Unk7nhg2aCnVuAPMo8,54,394321,443600
/artists/8161363-animals-leaders,Animals Leaders,Animals As Leaders,,65C6Unk7nhg2aCnVuAPMo8,54,394321,443600
/artists/4622778-anna-kaenzig,Anna Kaenzig,Anna Känzig,,65PgilsqO7rCiUn4MU1J0u,23,1899,14500
/artists/3904311-anna-kanzig,Anna Känzig,Anna Känzig,,65PgilsqO7rCiUn4MU1J0u,23,1899,14500
/artists/3103746-kanzig,Känzig,Anna Känzig,,65PgilsqO7rCiUn4MU1J0u,23,1901,14500
/artists/10059414-anna-sage-fr,ANNA SAGE ,Anna Sage,,4cdtQuauK7i5VlfNh3JI2q,2,323,141
/artists/2351819-anna-sage,Anna Sage,Anna Sage,,4cdtQuauK7i5VlfNh3JI2q,2,323,141
/artists/9723279-anna-von-hausswolff-se,Anna von Hausswolff ,Anna von Hausswolff,,1eiXrvua27VlWgZ9kiaIn6,38,65671,76300
/artists/2795241-anna-von-hausswolff,Anna von Hausswolff,Anna von Hausswolff,,1eiXrvua27VlWgZ9kiaIn6,38,65671,76300
/artists/2655171-ann-kinsella,Ann Kinsella,Annie Kinsella,,2c9nyr2dIcHq3swFZmUXn5,7,48,436
/artists/7847294-annie-kinsella,Annie Kinsella,Annie Kinsella,,2c9nyr2dIcHq3swFZmUXn5,7,48,436
/artists/8562569-anomalie-at,Anomalie ,Anomalie,,2ev6Cd0yJVCcpf2zezEQ8Z,44,88775,145700
/artists/1679379-anomalie,Anomalie,Anomalie,,2ev6Cd0yJVCcpf2zezEQ8Z,44,88775,145700
/artists/199255-anthony-b,Anthony B,Anthony B,,7Lij2ZLJJQOfGojVR3Wmqa,51,232011,447800
/artists/467436-anthony,Anthony,Anthony B,X,7Lij2ZLJJQOfGojVR3Wmqa,51,232011,447800
/artists/22997-appaloosa,Appaloosa,Appaloosa,,0iMS42vBvukl0h1UJN7uwf,12,145,3500
/artists/8160918-appaloosa-it,Appaloosa  ,Appaloosa,,0iMS42vBvukl0h1UJN7uwf,12,145,3500
/artists/284114-ariel-pink,Ariel Pink,Ariel Pink,,5H0YoDsPDi9fObFmJtTjfN,54,294188,843800
/artists/205866-ariel-pinks-haunted-graffiti,Ariel Pink's Haunted Graffiti,Ariel Pink,,5H0YoDsPDi9fObFmJtTjfN,54,294188,843800
/artists/7620019-artmaille,Artmaillé,Artillery,X,6N62Sla6F2uuEzNALo6720,31,56861,26400
/artists/477845-artillery,Artillery,Artillery,,6N62Sla6F2uuEzNALo6720,31,56861,26400
/artists/528609-as-blood-runs-black,As Blood Runs Black,As Blood Runs Black,,4LjQpQc5NB5G02zqfEIex7,40,110385,87900
/artists/5053988-as-blood-runs,As Blood Runs,As Blood Runs Black,X,4LjQpQc5NB5G02zqfEIex7,40,110385,87900
/artists/2317268-asa-asha,Asa ,Asa,,02ZEVypHxVoC6kcGotaRZY,24,2970,9900
/artists/560243-asa,Asa,Asa,,02ZEVypHxVoC6kcGotaRZY,24,2970,9900
/artists/3678466-austra,Austra,Austra,,1o43SzzuLoyOxqThmp7s0g,43,143143,194600
/artists/4231746-aust,Aust,Austra,X,1o43SzzuLoyOxqThmp7s0g,43,143143,194600
/artists/459754-avatar,Avatar,Avatar,,4jpaXieuls7LVzG1uma5Rs,56,254658,632200
/artists/3081166-avatark,Avatark,Avatar,X,4jpaXieuls7LVzG1uma5Rs,56,254658,632200
/artists/205424-baby-jail,Baby Jail,Baby Jail,,0xa6Hi2whWavnbStJjgJFg,10,1252,2200
/artists/8118803-babyjail,Babyjail,Baby Jail,,0xa6Hi2whWavnbStJjgJFg,10,1252,2200
/artists/383629-balthazar,Balthazar,Balthazar,,4oMBP1OWXtmxyDhAj2aRyQ,58,224425,1100000
/artists/6042119-bathazar,Bathazar,Balthazar,,4oMBP1OWXtmxyDhAj2aRyQ,58,224425,1100000
/artists/8752859-basement-saints,Basement Saints,Basement Saints,,3NCVMRO7v6R4qyh9fIweJv,17,1793,2700
/artists/9443644-basements-saints,Basements Saints,Basement Saints,,3NCVMRO7v6R4qyh9fIweJv,17,1793,2700
/artists/7940928-bassmodul,Bassmodul,Bass Modulators,X,1Uk4IDpF1OIuTzANugS5JC,51,62860,516100
/artists/2821851-bass-modulators,Bass Modulators,Bass Modulators,,1Uk4IDpF1OIuTzANugS5JC,51,62860,516100
/artists/1090916-bassekou-kouyate,Bassekou Kouyate,Bassekou Kouyate,,2reknFuZPFjVat474Q35SQ,29,17553,31900
/artists/103386-bassekou-kouyate-and-ngoni-ba,Bassekou Kouyate & Ngoni ba,Bassekou Kouyate,,2reknFuZPFjVat474Q35SQ,29,17553,31900
/artists/8734804-ben-ashton-ch,Ben Ashton ,Ben Ashton,,7eImXmn1O255iM0fZjeSMD,6,198,973
/artists/6147989-ben-ashton,Ben Ashton,Ben Ashton,,7eImXmn1O255iM0fZjeSMD,6,198,973
/artists/2362411-relentless7,Relentless7,Ben Harper And Relentless7,,1rvRbKEVG3blb8mbUlo8xR,25,32396,16700
/artists/2382827-ben-harper-and-relentless7,Ben Harper and Relentless7,Ben Harper And Relentless7,,1rvRbKEVG3blb8mbUlo8xR,25,32385,16700
/artists/2652581-ben-levin-group,Ben Levin Group,Ben Levin,,62GVUyFF8qLfC8mKBFKnmK,29,8452,8300
/artists/694093-ben-levin,Ben Levin,Ben Levin,,62GVUyFF8qLfC8mKBFKnmK,29,8452,8300
/artists/192851-berliner-weisse,Berliner Weisse,Berliner Weisse,,78BKeGuQw5avYdV8kzK0Nh,38,21485,35400
/artists/2614886-berliner-weiss,Berliner Weiss,Berliner Weisse,,78BKeGuQw5avYdV8kzK0Nh,38,21485,35400
/artists/439523-bernstein,Bernstein,Bernstein,,7zbpim75Oizpo0isUllS11,10,369,1200
/artists/8793274-bernstein-ch,Bernstein ,Bernstein,,7zbpim75Oizpo0isUllS11,10,369,1200
/artists/7331629-barnstei,Bärnstei,Bernstein,X,7zbpim75Oizpo0isUllS11,10,369,1200
/artists/10107431-billie-geilish,Billie Geilish,Billie Eilish,X,6qqNVTkY8uBg9cP3Jd7DAH,92,49177245,51800000
/artists/8913479-billie-eilish,Billie Eilish,Billie Eilish,,6qqNVTkY8uBg9cP3Jd7DAH,92,49177245,51800000
/artists/468031-birdy,Birdy,Birdy,,2WX2uTcsvV5OnS0inACecP,72,3310632,7700000
/artists/236640-bird,Bird,Birdy,X,2WX2uTcsvV5OnS0inACecP,72,3310632,7700000
/artists/2875196-bjorn-kleinhenz,Björn Kleinhenz,Björn Kleinhenz,,3kTdpvSRHdx4h0JwPgFS3G,2,487,131
/artists/5778364-bjorn-kleinheinz,Bjorn Kleinheinz,Björn Kleinhenz,,3kTdpvSRHdx4h0JwPgFS3G,2,487,131
/artists/582119-black-fag,Black Fag,Black Flag,,5Mhs3Eu8lU6sRCtRYsmABV,52,457987,457700
/artists/35109-black-flag,Black Flag,Black Flag,,5Mhs3Eu8lU6sRCtRYsmABV,52,457987,457700
/artists/3274491-bluegrass-boogiemen,Bluegrass Boogiemen,Blue Grass Boogiemen,,0sP3ip1gi7QdAqpYiA4ZlA,17,2753,3400
/artists/437812-blue-grass-boogiemen,Blue Grass Boogiemen,Blue Grass Boogiemen,,0sP3ip1gi7QdAqpYiA4ZlA,17,2753,3400
/artists/10076734-bohren-and-der-club-of-gore-de,Bohren & Der Club Of Gore ,Bohren & Der Club Of Gore,,4VpWzXVUAR2YyQuWQpNGAf,42,81227,80000
/artists/162818-bohren-and-der-club-of-gore,Bohren & Der Club of Gore,Bohren & Der Club Of Gore,,4VpWzXVUAR2YyQuWQpNGAf,42,81227,80000
/artists/78723-bonnie-tyler,Bonnie Tyler,Bonnie Tyler,,0SD4eZCN4Kr0wQk56hCdh2,68,1260211,7100000
/artists/445583-abba-gold,Abba Gold,Bonnie Tyler,X,0SD4eZCN4Kr0wQk56hCdh2,68,1260211,7100000
/artists/9376819-boris-way,Boris Way,Boris Way,,6B4RvAzPbZcxMjhZvFSDis,47,3866,417500
/artists/5862489-boris-why,Boris WHY,Boris Way,X,6B4RvAzPbZcxMjhZvFSDis,47,3866,417500
/artists/2688071-boundaries,Boundaries,Boundaries,,7a29ko2je7GUMrbmwn4t3I,37,19283,42500
/artists/9044304-boundaries-can,Boundaries ,Boundaries,,7a29ko2je7GUMrbmwn4t3I,37,19283,42500
/artists/323222-brainchild,Brainchild,Brainchild,,6YmVvko54tHOaE0lOL36L2,13,793,3600
/artists/10129011-brainchild-ch,Brainchild ,Brainchild,,6YmVvko54tHOaE0lOL36L2,13,793,3600
/artists/8193098-brainstrom,Brainstrom,Brainstorm,,5kj0186KjQyHiLMK2OFJ3z,42,84561,149300
/artists/9530924-brainstorm-de,Brainstorm ,Brainstorm,,5kj0186KjQyHiLMK2OFJ3z,42,84561,149300
/artists/540309-brainstorm,Brainstorm,Brainstorm,,5kj0186KjQyHiLMK2OFJ3z,42,84561,149300
/artists/859135-broken-bridge,Broken Bridge,Broken Bridge,,5tNScagwIoUGpCngHRCEWM,1,80,51
/artists/9732189-broken-bridge-ch,Broken Bridge ,Broken Bridge,,5tNScagwIoUGpCngHRCEWM,1,80,51
/artists/352024-brooks,Brooks,Brooks,,4mHAu7NX2UNsnGXjviBD9e,61,290025,2800000
/artists/8713748-brooks-nl,Brooks ,Brooks,,4mHAu7NX2UNsnGXjviBD9e,61,290025,2800000
/artists/227030-bruce-springsteen,Bruce Springsteen,Bruce Springsteen,,3eqjTLE0HfPfh78zjh6TqT,77,4326433,13200000
/artists/423316-bruce-springsteen-and-the-e-street-band,Bruce Springsteen & The E Street Band,Bruce Springsteen,,3eqjTLE0HfPfh78zjh6TqT,77,4326433,13200000
/artists/2842296-chevillon,Chevillon,Bruno Chevillon,,5STH4t7pIsySzfNwC2BRMU,7,174,396
/artists/1124293-bruno-chevillon,Bruno Chevillon,Bruno Chevillon,,5STH4t7pIsySzfNwC2BRMU,7,174,396
/artists/5097118-bukovina-club-orkestar,Bukovina Club Orkestar,Bucovina Club Orkestar,,1Z2cnJK6yCQUpGfgmAoK6Y,8,89,1700
/artists/7030554-buciovina-club-orkestar,Buciovina Club Orkestar,Bucovina Club Orkestar,,1Z2cnJK6yCQUpGfgmAoK6Y,8,89,1700
/artists/3516941-burnt-friedmann,Burnt Friedmann,Burnt Friedman,,1Y6bd4Omy7dhr9Bfpc9s3E,24,8173,12600
/artists/396109-burnt-friedman,Burnt Friedman,Burnt Friedman,,1Y6bd4Omy7dhr9Bfpc9s3E,24,8173,12600
/artists/478333-bush,Bush,Bush,,78SHxLdtysAXgywQ4vE0Oa,63,1375716,3000000
/artists/232141-bus,Bus,Bush,X,78SHxLdtysAXgywQ4vE0Oa,63,1375716,3000000
/artists/10076480-butter-biel,Butter ,Butter,,3jDucahoG0E37NHsaEQvlx,26,820,29400
/artists/9675044-butter-ch,Butter ,Butter,,3jDucahoG0E37NHsaEQvlx,26,820,29400
/artists/372639-butter,Butter,Butter,,3jDucahoG0E37NHsaEQvlx,26,820,29400
/artists/7712614-chaarts,Chaarts,CHAARTS Chamber Artists,,2YB5i3jJzmimdN0e8BZqkR,37,69,101600
/artists/9955624-chaarts-chamber-artists,CHAARTS Chamber Artists,CHAARTS Chamber Artists,,2YB5i3jJzmimdN0e8BZqkR,37,69,101600
/artists/5933069-chvrches,CHVRCHES,CHVRCHES,,3CjlHNtplJyTf9npxaPl5w,70,1266626,5000000
/artists/8608754-chrch,CHRCH,CHVRCHES,X,3CjlHNtplJyTf9npxaPl5w,70,1266626,5000000
/artists/10025754-coma-d,COMA ,COMA,,5t9SPy7c5n665XZCoAuR52,40,15448,176700
/artists/9158714-co5ma,CO5MA,COMA,,5t9SPy7c5n665XZCoAuR52,40,15448,176700
/artists/54671-calico,Calico,Calico,,62759eSywYZWXLndrzrTzZ,21,203,680
/artists/9234474-calico-ch,Calico ,Calico,,62759eSywYZWXLndrzrTzZ,21,203,680
/artists/595764-residente-calle-13,Residente Calle 13,Calle 13,,0yNSzH5nZmHzeE2xn6Xshb,70,2528217,5500000
/artists/553669-calle-13,Calle 13,Calle 13,,0yNSzH5nZmHzeE2xn6Xshb,70,2527829,5500000
/artists/5738569-camilla-sparks,Camilla Sparks,Camilla Sparksss,,5RxUFk1D177dFGqFOUh2rg,12,2181,2100
/artists/6157939-camilla-sparkss,Camilla Sparkss,Camilla Sparksss,,5RxUFk1D177dFGqFOUh2rg,12,2181,2100
/artists/5944174-camilla-sparksss,Camilla Sparksss,Camilla Sparksss,,5RxUFk1D177dFGqFOUh2rg,12,2181,2100
/artists/9776434-capella-gabetta,Capella Gabetta,Cappella Gabetta,,5A8PkkMlMCCPUudis3oLlL,17,239,5500
/artists/9592154-cappella-gabetta,Cappella Gabetta,Cappella Gabetta,,5A8PkkMlMCCPUudis3oLlL,17,239,5500
/artists/7327314-carlo-brunners-superlandlerkapelle,Carlo Brunners Superländlerkapelle,Carlo Brunner's Superländlerkapelle,,43M8ysPyBVoJxoV4RQWA8k,11,283,1100
/artists/8114828-superlandlerkapelle-carlo-brunner,Superländlerkapelle Carlo Brunner,Carlo Brunner's Superländlerkapelle,,43M8ysPyBVoJxoV4RQWA8k,11,283,1100
/artists/7191329-catzn-dogz,Catzn Dogz,Catz 'n Dogz,,5tYqFEuFELxnJZgGmmsfSh,46,37694,371500
/artists/2321217-catz-n-dogz,Catz 'n' Dogz,Catz 'n Dogz,,5tYqFEuFELxnJZgGmmsfSh,46,37694,371500
/artists/8434873-celeste-fr,Celeste ,Celeste,,49HlOY4gkHqsYG9GCuhkcc,68,287437,5100000
/artists/9218704-celeste-fra,Celeste ,Celeste,,49HlOY4gkHqsYG9GCuhkcc,68,287437,5100000
/artists/32691-celeste,Celeste,Celeste,,49HlOY4gkHqsYG9GCuhkcc,68,287437,5100000
/artists/10110408-christian-garcia-gaucher,Christian Garcia Gaucher,Christian Garcia-Gaucher,,4vhYN4K5ODamTpYBrUpDg0,8,25,766
/artists/10110406-christian-garciagaucher,Christian Garcia-Gaucher,Christian Garcia-Gaucher,,4vhYN4K5ODamTpYBrUpDg0,8,25,766
/artists/2892861-say-yeah,Say Yeah,Clap Your Hands Say Yeah,X,1jSaZgaKHmgc7VTgML528r,46,151446,283500
/artists/15898-clap-your-hands-say-yeah,Clap Your Hands Say Yeah,Clap Your Hands Say Yeah,,1jSaZgaKHmgc7VTgML528r,46,151406,283500
/artists/2238852-clem-clempson,Clem Clempson,Clem Clempson,,44NFfAHuyLkc9977hB6XXy,7,335,561
/artists/7576919-glem-clempson,Glem Clempson,Clem Clempson,,44NFfAHuyLkc9977hB6XXy,7,335,561
/artists/523476-code-red,Code Red,Code Red,,0JoXt0dU8ixa0Q3yXOMRpJ,36,1347,82900
/artists/9497684-code-red-ch,Code Red ,Code Red,,0JoXt0dU8ixa0Q3yXOMRpJ,36,1347,82900
/artists/9413259-colour-of-rice,Colour Of Rice,Colour Of Rice,,0NssqgLPIVcXwiuvZWRzhX,8,564,398
/artists/9378744-color-of-rice,Color of Rice,Colour Of Rice,,0NssqgLPIVcXwiuvZWRzhX,8,564,398
/artists/6035974-conjurer,Conjurer,Conjurer,,38eUVFRyGFT6VnEbaFRScQ,29,17722,26300
/artists/8907249-conjurer-uk,Conjurer ,Conjurer,,38eUVFRyGFT6VnEbaFRScQ,29,17722,26300
/artists/3819031-curry-coco,Curry Coco,Curry & Coco,,0LjCzwM1KOMmFuZYzI0YBP,1,426,169
/artists/933879-curry-and-coco,Curry and Coco,Curry & Coco,,0LjCzwM1KOMmFuZYzI0YBP,1,426,169
/artists/956067-cyber,C.y.Ber,Cyber,,303olBIixVXirStn7yhOZX,35,10797,64900
/artists/8521758-cyber-ch,Cyber ,Cyber,,303olBIixVXirStn7yhOZX,35,10797,64900
/artists/9521484-cyber-is,Cyber ,Cyber,,303olBIixVXirStn7yhOZX,35,10797,64900
/artists/302365-dj-dream,DJ Dream,DJ Dream,,5g5KFjj9OWGKBpCOhUWyUv,13,156,3900
/artists/9290059-dj-dream-ch,DJ Dream ,DJ Dream,,5g5KFjj9OWGKBpCOhUWyUv,13,156,3900
/artists/10324-darius,Darius,Darius,,5vfEaoOBcK0Lzr07WN8KaK,55,121921,843800
/artists/8436443-darius-ch,Darius ,Darius,,5vfEaoOBcK0Lzr07WN8KaK,55,121921,843800
/artists/9476319-darkade,Darkade,Darkane,,3K43KRzvjn3z36mHpBYSVb,7,9675,876
/artists/44296-darkane,Darkane,Darkane,,3K43KRzvjn3z36mHpBYSVb,7,9675,876
/artists/9264764-dave-feu,Dave Feu,Dave Feusi,,5oxfPCQAlzzUxc4RQoYZcc,0,11,361
/artists/10034059-dave-feusi,Dave Feusi,Dave Feusi,,5oxfPCQAlzzUxc4RQoYZcc,0,11,361
/artists/9626924-day-din,Day Din,Day Din,,1YzhPssoLV65PIChO3Uri9,40,45028,125000
/artists/798315-daydin,Day.Din,Day Din,,1YzhPssoLV65PIChO3Uri9,40,45028,125000
/artists/505160-debris,Debris,Debris,,4SdjRO432fApGQp8iHbgIF,39,5426,92500
/artists/4900138-dubriss,Dubriss,Debris,,4SdjRO432fApGQp8iHbgIF,39,5426,92500
/artists/7412719-dechen-shak,Dechen Shak,Dechen Shak-Dagsay,,1t10zmdWTK7n4nIJWThPMt,37,6470,48000
/artists/74570-dechen-shakdagsay,Dechen Shak-dagsay,Dechen Shak-Dagsay,,1t10zmdWTK7n4nIJWThPMt,37,6470,48000
/artists/2330822-declines,Declines,Decline,,4OZtAjDcZRk5aEJPnaCYHR,16,4,7400
/artists/207678-decline,Decline,Decline,,4OZtAjDcZRk5aEJPnaCYHR,16,4,7400
/artists/7866534-deep-kick-ch,DEEP KICK ,Deep Kick,,04Hs55zsxm09wzTYIkU5hp,8,1922,788
/artists/1598119-deep-kick,Deep Kick,Deep Kick,,04Hs55zsxm09wzTYIkU5hp,8,1921,788
/artists/9862779-deerhunter-us,Deerhunter ,Deerhunter,,38zTZcuN7nFvVJ6auhc6V3,51,332712,568600
/artists/222485-deerhunter,Deerhunter,Deerhunter,,38zTZcuN7nFvVJ6auhc6V3,51,332712,568600
/artists/98407-delinquent-habits,Delinquent Habits,Delinquent Habits,,0Ph64AJnzKQwXj4y7bWi2U,52,146180,563700
/artists/161224-deliquent-habits,Deliquent Habits,Delinquent Habits,,0Ph64AJnzKQwXj4y7bWi2U,52,146180,563700
/artists/7920254-deluxe-fr,Deluxe ,Deluxe,,4EePV5BljRSXJnYww4d5Qa,53,148602,511800
/artists/207323-deluxe,Deluxe,Deluxe,,4EePV5BljRSXJnYww4d5Qa,53,148602,511800
/artists/8902084-der-machatschek,Der Machatschek,Der Machatschek,,5muHWprHoeGeY6Wx33HG1D,0,59,38
/artists/8602544-der-machatscheck,Der Machatscheck,Der Machatschek,,5muHWprHoeGeY6Wx33HG1D,0,59,38
/artists/8868499-deville-swe,Deville ,Deville,,29xpUzbL2gwBW0VuHU26G8,24,9217,9800
/artists/338285-deville,Deville,Deville,,29xpUzbL2gwBW0VuHU26G8,24,9217,9800
/artists/42315-devon,Devon,Devon,,2CXVeT982HeechgvKI3f2v,37,8584,90200
/artists/313663-devo,Devo,Devon,X,2CXVeT982HeechgvKI3f2v,37,8584,90200
/artists/7442334-diana-arbenina,Diana Arbenina,Diana Arbenina,,3agWPIiWtN5ARZj1iMz5gk,43,127983,23800
/artists/3033996-nochnyie-snaipiery,Ночные Снайперы,Diana Arbenina,X,3agWPIiWtN5ARZj1iMz5gk,43,127983,24000
/artists/5453718-die-bap,Die Bap,Die Happy,X,5WvEHnWRNfz9AOLYclfsLM,33,18239,48500
/artists/317597-die-happy,Die Happy,Die Happy,,5WvEHnWRNfz9AOLYclfsLM,33,18239,48500
/artists/3390751-neue-philharmonie-frankfurt,Neue Philharmonie Frankfurt,Die Neue Philharmonie Frankfurt,,5ZOGrqzkjPIOOHLZz6r0Lh,8,197,835
/artists/9544594-philharmonie-frankfurt,Philharmonie Frankfurt,Die Neue Philharmonie Frankfurt,,5ZOGrqzkjPIOOHLZz6r0Lh,8,197,835
/artists/179313-dimension,Dimension,Dimension,,1QMgre3BHX161ZHtWMUu6S,58,63191,1000000
/artists/8075168-dimensione,Dimensione,Dimension,,1QMgre3BHX161ZHtWMUu6S,58,63191,1000000
/artists/6588764-diplo-usa,Diplo ,Diplo,,5fMUXHkw8R8eOP2RNVYEZX,82,2418435,31000000
/artists/547556-diplo,Diplo,Diplo,,5fMUXHkw8R8eOP2RNVYEZX,82,2418435,31000000
/artists/7866529-dirty-sound-magnet-ch,DIRTY SOUND MAGNET ,Dirty Sound Magnet,,4xRdcudb8V909KuVer6gko,23,9299,11900
/artists/2024940-dirty-sound-magnet,Dirty Sound Magnet,Dirty Sound Magnet,,4xRdcudb8V909KuVer6gko,23,9318,11900
/artists/7735699-disparaged-ch,DISPARAGED ,Disparaged,,5aMFBCr3dY7YgkZIfeGPmo,3,746,197
/artists/367526-disparaged,Disparaged,Disparaged,,5aMFBCr3dY7YgkZIfeGPmo,3,747,197
/artists/5097093-djs-luciano,Djs Luciano,Dj Luciano,,2Io1GgRmoLKngQyX5gZYin,12,2426,2000
/artists/1464232-dj-luciano,DJ Luciano,Dj Luciano,,2Io1GgRmoLKngQyX5gZYin,12,2426,2000
/artists/281645-dr-woggle-and-the-radio,Dr. Woggle & The Radio,Dr. Woggle & The Radio,,4xCWIhqJrxidcohipz2EFz,10,1037,1700
/artists/1760120-dr-woggle,dr. woggle,Dr. Woggle & The Radio,,4xCWIhqJrxidcohipz2EFz,10,1037,1700
/artists/128544-dreams,Dreams,Dream,X,6LArUyIoMiHmDvvOAsE2cd,69,864882,2600000
/artists/515048-dream,Dream,Dream,,6LArUyIoMiHmDvvOAsE2cd,69,864882,2600000
/artists/7528309-dunkelbunt-dj,Dunkelbunt Dj,Dunkelbunt,,0hxE0IjlcJuMeYipBGaoCc,0,32,4
/artists/282002-dunkelbunt,Dunkelbunt,Dunkelbunt,,0hxE0IjlcJuMeYipBGaoCc,0,32,4
/artists/9528104-dusties,Dusties,Duster,X,5AyEXCtu3xnnsTGCo4RVZh,58,94200,852300
/artists/2298731-dystera,DYSTERA,Duster,X,5AyEXCtu3xnnsTGCo4RVZh,58,93797,852300
/artists/8389218-dynamke,Dynam!ke,Dynamike,,26Z00jAaCTPwzdyhVRFJus,7,61,237
/artists/826250-dynamike,Dynamike,Dynamike,,26Z00jAaCTPwzdyhVRFJus,7,61,237
/artists/357928-earth-wind-and-fire,"Earth, Wind & Fire","Earth, Wind & Fire",,4QQgXkCYTt3BlENzhyNETg,76,3108256,16300000
/artists/8321948-earthgang,EarthGang,"Earth, Wind & Fire",X,4QQgXkCYTt3BlENzhyNETg,76,3108256,16300000
/artists/1054495-egogrill,EGOGRILL,Ego Kill Talent,X,2FkHoIxJdhomebqlsXKZ3i,41,37720,173400
/artists/8756194-ego-kill-talent,Ego Kill Talent,Ego Kill Talent,,2FkHoIxJdhomebqlsXKZ3i,41,37720,173400
/artists/8265653-einar-stray-orchestra,Einar Stray Orchestra,Einar Stray Orchestra,,3KNKt7f2QCeOhOraT5xdrc,9,3762,1800
/artists/777316-einar-stray,Einar Stray,Einar Stray Orchestra,,3KNKt7f2QCeOhOraT5xdrc,9,3762,1800
/artists/334338-elp,El-P,El-P,,57UnSUpae3SbRekxNa5Kgl,44,141567,161100
/artists/2100384-aesop,AESOP,El-P,X,57UnSUpae3SbRekxNa5Kgl,44,141539,161100
/artists/10135868-elisa-djane,Elisa ,Elisa,,2ARH58Hit3yC6ziGdhma23,64,886332,1800000
/artists/23192-elis,Elis,Elisa,X,2ARH58Hit3yC6ziGdhma23,64,886332,1800000
/artists/183213-elisa,Elisa,Elisa,,2ARH58Hit3yC6ziGdhma23,64,886332,1800000
/artists/9082989-ellende,Ellende,Ellende,,1iLdVM2KFAHUbpaC5wpMbO,27,18143,13700
/artists/7920959-ellenv,EllenV,Ellende,X,1iLdVM2KFAHUbpaC5wpMbO,27,18143,13700
/artists/471373-emo,Emo.,Emok,X,0n7N0GtNzbN6xgx7J14pWg,33,4041,83100
/artists/371947-emok,Emok,Emok,,0n7N0GtNzbN6xgx7J14pWg,33,4041,83100
/artists/4774803-endo-anaconda,Endo Anaconda,Endo Anaconda,,1MXBTzsFtxoFiJGb7soGo1,9,317,980
/artists/9990799-endo-anacondas,Endo Anacondas,Endo Anaconda,,1MXBTzsFtxoFiJGb7soGo1,9,317,980
/artists/4026491-eptic,Eptic,Eptic,,4dvZ0abeUaiHm7Fu9Gj0PQ,52,172114,724000
/artists/6764429-eptic-uk,Eptic ,Eptic,,4dvZ0abeUaiHm7Fu9Gj0PQ,52,172114,724000
/artists/583289-eric-bachman,Eric Bachman,Eric Bachmann,,27CXUHv5mekE9LNdC1KEqb,16,3888,4000
/artists/301793-eric-bachmann,Eric Bachmann,Eric Bachmann,,27CXUHv5mekE9LNdC1KEqb,16,3888,4000
/artists/10104510-eric-jim,Eric Jim,Eric Jimenez,X,3b6hg1eC3oAlqj5cSsscTc,0,28,41
/artists/10121552-eric-ji,Eric Ji,Eric Jimenez,X,3b6hg1eC3oAlqj5cSsscTc,0,28,41
/artists/10121750-eric-jime,Eric Jime,Eric Jimenez,X,3b6hg1eC3oAlqj5cSsscTc,0,28,41
/artists/147664-esmob,Es.mob,Eskmo,X,4gDnyPfguK0da9K2QR7WfW,39,30941,427800
/artists/1893274-eskmo,Eskmo,Eskmo,,4gDnyPfguK0da9K2QR7WfW,39,30941,427800
/artists/8585554-eugene-fr,Eugene ,Eugene,,2cvLrfMe00awUWWS1PKyfP,21,31,9100
/artists/452330-eugene,Eugene,Eugene,,2cvLrfMe00awUWWS1PKyfP,21,31,9100
/artists/3826596-evil-invaders,Evil Invaders,Evil Invaders,,4bMhBA9z2oB9MixiL9OXCx,20,11849,4700
/artists/7595019-evil-invader,Evil Invader,Evil Invaders,,4bMhBA9z2oB9MixiL9OXCx,20,11849,4700
/artists/217937-fabiano,Fabiano,Fabiano,,7BdIIgJH5SZUuIv1AtuJlR,55,443,741900
/artists/9763279-gabriano,Gabriano,Fabiano,X,7BdIIgJH5SZUuIv1AtuJlR,55,443,741900
/artists/6337884-fakear,Fakear,Fakear,,4eFImh8D3F15dtZk0JQlpT,55,224899,810500
/artists/9381814-fykewar,Fykewar,Fakear,X,4eFImh8D3F15dtZk0JQlpT,55,224899,810500
/artists/10138590-faith-of-fate,Faith Of Fate,Fate Of Faith,X,3DrOUT1RtTf37Qz1fhFncR,0,117,49
/artists/10168361-fate-of-faith,Fate of Faith,Fate Of Faith,,3DrOUT1RtTf37Qz1fhFncR,0,117,49
/artists/8861259-fell-uk,FELL ,Felix Jaehn,X,4bL2B6hmLlMWnUEZnorEtG,78,1136978,18500000
/artists/8215258-felix-jaehn,Felix Jaehn,Felix Jaehn,,4bL2B6hmLlMWnUEZnorEtG,78,1136978,18500000
/artists/9156564-floraleda-sacchi,Floraleda Sacchi,Floraleda Sacchi,,5j48oGQ0CfaOdcPHubZ9it,25,1622,26600
/artists/10135867-floraleda,Floraleda,Floraleda Sacchi,,5j48oGQ0CfaOdcPHubZ9it,25,1622,26600
/artists/9448694-florian-egli,Florian Egli,Florian Egli Weird Beard,,27M3u5FEg70iVyEKCvMCG7,0,69,19
/artists/9052434-florian-egli-weird-beard,Florian Egli Weird Beard,Florian Egli Weird Beard,,27M3u5FEg70iVyEKCvMCG7,0,69,19
/artists/9541539-florian-sommer,Florian Sommer,Florian Summer,,5XUBGRmYgQEdJNISdlt3Yo,10,183,2000
/artists/9309299-florian-summer,Florian Summer,Florian Summer,,5XUBGRmYgQEdJNISdlt3Yo,10,183,2000
/artists/10161432-florian-weiss-woodoism,Florian Weiss' Woodoism,Florian Weiss' Woodoism,,2WFtxVwg1ic81bZuOm3Urj,16,96,8200
/artists/9695279-woodoism,Woodoism,Florian Weiss' Woodoism,,2WFtxVwg1ic81bZuOm3Urj,16,96,8400
/artists/1116200-fola-dada,Fola Dada,Fola Dada,,04wxbNa2kRKOpAWvfzC4cH,8,520,684
/artists/7385784-fola-dada-d,Fola Dada [d],Fola Dada,,04wxbNa2kRKOpAWvfzC4cH,8,520,684
/artists/8725174-fancesca-lago,Fancesca Lago,Francesca Lago,,39CR0zfB6w2bYqPTQ6RAbl,0,226,83
/artists/396176-francesca-lago,Francesca Lago,Francesca Lago,,39CR0zfB6w2bYqPTQ6RAbl,0,226,83
/artists/397440-frankie-j,Frankie J,Frankie J,,3sMYEBy0CZFxedcnm9i9hf,62,444715,605700
/artists/10093197-frank-ch,Frank. ,Frankie J,X,3sMYEBy0CZFxedcnm9i9hf,62,444715,605700
/artists/10029704-frank-official,FRANK ,Frankie J,X,3sMYEBy0CZFxedcnm9i9hf,62,444715,605700
/artists/35985-francoiz-breut,Francoiz Breut,Françoiz Breut,,5bWRCM3vFGqamlNxSzNj1O,31,12617,42300
/artists/196969-franoiz-breut,Franoiz Breut,Françoiz Breut,,5bWRCM3vFGqamlNxSzNj1O,31,12617,42300
/artists/397960-freddy-fischer-and-his-cosmic-rocktime-band,Freddy Fischer & His Cosmic Rocktime Band,Freddy Fischer & His Cosmic Rocktime Band,,5UQlN6PXaroF7JygjTOgfr,14,1698,2000
/artists/2548046-freddy-fischer,Freddy Fischer,Freddy Fischer & His Cosmic Rocktime Band,,5UQlN6PXaroF7JygjTOgfr,14,1698,2000
/artists/8672184-and-friends,& Friends,Friends,X,0R2qhaNYSKYhYKeRMYwrpN,35,74,7600
/artists/93050-friend,Friend,Friends,X,0R2qhaNYSKYhYKeRMYwrpN,35,74,7600
/artists/8505323-front-de,Front ,Front 242,X,2tyMOS8xKREgpEwHnLc6EX,40,103287,108200
/artists/15293-front-242,Front 242,Front 242,,2tyMOS8xKREgpEwHnLc6EX,40,103287,108200
/artists/490640-funky,Funky,Funky,,4B4YYJ0BAYBK86yxqQV7mu,63,501201,898000
/artists/268621-funk,Funk,Funky,,4B4YYJ0BAYBK86yxqQV7mu,63,501201,898000
/artists/9514499-funky-notes,Funky Notes,Funky Notes,,6LSrnKA5oEVsLopxSMVGFR,45,8941,363900
/artists/6911089-funkynotes,FunkyNotes,Funky Notes,,6LSrnKA5oEVsLopxSMVGFR,45,8941,363900
/artists/9749849-gaia-ch,Gaia ,Gaia,,3AVx3OBPIk4pJQllAXoVs1,58,198057,1200000
/artists/881594-gaia,Gaïa,Gaia,,3AVx3OBPIk4pJQllAXoVs1,58,198057,1200000
/artists/7578104-coco-galaxy,Coco Galaxy,Galaxy P & Coco,,2Zl0w9R6QuFqhxigudDjki,0,2,4
/artists/7578049-cocogalaxy,Coco_Galaxy,Galaxy P & Coco,,2Zl0w9R6QuFqhxigudDjki,0,2,4
/artists/331909-gary-burton,Gary Burton,Gary Burton,,4iovNkf44dsELmo3E7XSKX,41,37900,202000
/artists/7296354-gary-curtin,Gary Curtin,Gary Burton,X,4iovNkf44dsELmo3E7XSKX,41,37900,202000
/artists/399074-gene,Gene,Genesis,X,3CkvROUTQ6nRi9yQOcsB50,70,2454787,7300000
/artists/137873-genesis,Genesis,Genesis,,3CkvROUTQ6nRi9yQOcsB50,70,2454787,7300000
/artists/5714854-ghost-lights,Ghost Lights,Ghost Lights,,3A6P5LkpSfMTTbihK2ngpI,5,496,365
/artists/9812399-ghost-lights-ch,Ghost Lights ,Ghost Lights,,3A6P5LkpSfMTTbihK2ngpI,5,496,365
/artists/7617259-gianno-spano,Gianno Spano,Gianni Spano,,3Czo91masC0iTkyVv9hDD9,1,1793,77
/artists/10075470-gianni-spano,Gianni Spano,Gianni Spano,,3Czo91masC0iTkyVv9hDD9,1,1793,77
/artists/87111-girl,Girl,Girls,,6eO95BjZhrWHREMfwC4vVN,40,101166,149200
/artists/419729-girls,Girls,Girls,,6eO95BjZhrWHREMfwC4vVN,40,101166,149200
/artists/2916391-girls-names,Girls Names,Girls Names,,4UAxwzDV5PYB11huf5Shs3,21,15174,11300
/artists/9631274-girl-names,Girl Names,Girls Names,,4UAxwzDV5PYB11huf5Shs3,21,15174,11300
/artists/565856-golden-disk-ship,Golden Disk Ship,Golden Diskó Ship,,0CuYXwajXbBxWPJxACsow9,4,470,427
/artists/580864-golden-disko-ship,Golden Diskó Ship,Golden Diskó Ship,,0CuYXwajXbBxWPJxACsow9,4,470,427
/artists/207192-great-lake-swimmers,Great Lake Swimmers,Great Lake Swimmers,,2HcZuUtnktqMHm4H1R9gAR,40,68413,178100
/artists/9756699-great-lake-swimmers-ca,Great Lake Swimmers ,Great Lake Swimmers,,2HcZuUtnktqMHm4H1R9gAR,40,68413,178100
/artists/305002-gustav,Gustav,Gustav,,2WmxTCUVOyGsqn4GA7VxuC,65,6025,1700000
/artists/540818-gust,Gust,Gustav,,2WmxTCUVOyGsqn4GA7VxuC,65,6025,1700000
/artists/8072153-gypsy-sound-orkestra,Gypsy Sound Orkestra,Gypsy Sound System Orkestra,,473zKWvo7DrfO16BQxnATy,1,248,103
/artists/8004963-gypsy-sound-system-orkestra,Gypsy Sound System Orkestra,Gypsy Sound System Orkestra,,473zKWvo7DrfO16BQxnATy,1,248,103
/artists/1991757-gypsy-sound-system,Gypsy Sound System,Gypsy Sound System Orkestra,,473zKWvo7DrfO16BQxnATy,1,248,103
/artists/203210-gerard-blanchard,Gerard Blanchard,Gérard Blanchard,,4H7TAfnu6t6Olh3zxowpSH,24,4610,21100
/artists/333509-grard-blanchard,Grard Blanchard,Gérard Blanchard,,4H7TAfnu6t6Olh3zxowpSH,24,4610,21100
/artists/5471873-halestrom,Halestrom,Halestorm,,6om12Ev5ppgoMy3OYSoech,65,1136899,2400000
/artists/29141-halestorm,Halestorm,Halestorm,,6om12Ev5ppgoMy3OYSoech,65,1136899,2400000
/artists/4053996-hamferd,Hamferð,Hamferð,,4Okrb4EaAYXpRu2cx2ipa4,18,10233,5000
/artists/7302589-hamferd-ham,Hamferð Ham,Hamferð,,4Okrb4EaAYXpRu2cx2ipa4,18,10233,5000
/artists/9925539-hank-ch,Hank ,Hank,,56IfsJsfpfbg7p1avgF120,5,133,670
/artists/474724-hank,Hank,Hank,,56IfsJsfpfbg7p1avgF120,5,133,670
/artists/10114677-harlekin-zh,Harlekin ,Harlekin,,0GGmZz0VoDEve3it63Rtw1,36,1792,32299
/artists/9912214-harlekin-ch,Harlekin ,Harlekin,,0GGmZz0VoDEve3it63Rtw1,36,1792,32299
/artists/7897579-headhunterz-nl,Headhunterz ,Headhunterz,,6C0KWmCdqrLU2LzzWBPbOy,61,437393,1600000
/artists/662902-headhunterz,Headhunterz,Headhunterz,,6C0KWmCdqrLU2LzzWBPbOy,61,437393,1600000
/artists/230669-heidi-happy,Heidi Happy,Heidi Happy,,4AQNXsZoonikabPFTWPnxF,30,3445,2800
/artists/5913819-heidy-happy,Heidy Happy,Heidi Happy,,4AQNXsZoonikabPFTWPnxF,30,3445,2800
/artists/387126-helldorado,Helldorado,Helldorado,,20xs9Pb9wT5fcV8ZafJy0L,37,4219,104700
/artists/8306938-helldorado-no,Helldorado ,Helldorado,,20xs9Pb9wT5fcV8ZafJy0L,37,4219,104700
/artists/692559-helmut,HELMUT,Helmut Lotti,X,2nO2dO0kAVom6pa0Dcvgjn,34,13499,40700
/artists/58718-helmut-lotti,Helmut Lotti,Helmut Lotti,,2nO2dO0kAVom6pa0Dcvgjn,34,13499,40700
/artists/485766-herbert-lonard,Herbert Lonard,Herbert Léonard,,2VsTgQUocqoaXjLG5YerlB,35,19523,64400
/artists/403822-herbert-leonard,Herbert Leonard,Herbert Léonard,,2VsTgQUocqoaXjLG5YerlB,35,19523,64400
/artists/518720-hermann,Hermann,Hermann,,4zh577RymRcidAJia0AAkb,28,1070,33800
/artists/8942434-hermann-lu,Hermann ,Hermann,,4zh577RymRcidAJia0AAkb,28,1070,33800
/artists/251783-hierophant,Hierophant,Hierophant,,7DyzIv3RZPSFHEVDbmN0jI,9,4178,1300
/artists/3412076-heirophant,Heirophant,Hierophant,,7DyzIv3RZPSFHEVDbmN0jI,9,4178,1300
/artists/5263828-felix-thiefaine,Félix Thiéfaine,Hubert-Félix Thiéfaine,,5uD9sDsgIlcyH0e6Hkxbat,46,65299,187800
/artists/375128-hubertfelix-thiefaine,Hubert-Félix Thiéfaine,Hubert-Félix Thiéfaine,,5uD9sDsgIlcyH0e6Hkxbat,46,65299,187800
/artists/9960639-hf-thiefaine,HF Thiefaine,Hubert-Félix Thiéfaine,,5uD9sDsgIlcyH0e6Hkxbat,46,65299,187800
/artists/426544-huunhuurtu,Huun-Huur-Tu,Huun-Huur-Tu,,1bK0K2tuAcvMScEWIHt54t,34,45271,38100
/artists/9324594-huun-huur-tu,huun huur tu,Huun-Huur-Tu,,1bK0K2tuAcvMScEWIHt54t,35,45271,38200
/artists/433483-hypocrisy,Hypocrisy,Hypocrisy,,73UIalJYgktSi7qQFV53Qv,46,127552,190800
/artists/4145176-hypocras,Hypocras,Hypocrisy,,73UIalJYgktSi7qQFV53Qv,46,127552,190800
/artists/9271704-hogni-is,Högni ,Högni,,3HAGb8WLuYRre506Dr8oJm,31,5423,52500
/artists/2912571-hogni,Høgni,Högni,,3HAGb8WLuYRre506Dr8oJm,31,5423,52500
/artists/329219-iam,IAM,IAMX,X,223iUzG0kb5V166FJP9ovD,50,153612,325300
/artists/44666-iamx,IAMX,IAMX,,223iUzG0kb5V166FJP9ovD,50,153612,325300
/artists/8471733-idan-raichel-project,The Idan Raichel Project,Idan Raichel,,5EBnQEKoaiAk37Q7cfGrE1,55,528439,425500
/artists/189578-idan-raichel,Idan Raichel,Idan Raichel,,5EBnQEKoaiAk37Q7cfGrE1,55,528439,425500
/artists/8520773-ikarus-ch,Ikarus ,Ikarus,,4nJHUc86dUmNx5Cfyqf4zp,21,295,12100
/artists/106750-ikarus,Ikarus,Ikarus,,4nJHUc86dUmNx5Cfyqf4zp,21,295,12100
/artists/9274684-imperio-ch,Imperio ,Imperio,,3eZv6Rmlbkwwp7glflFfXr,35,9244,73900
/artists/135331-imperio,Imperio,Imperio,,3eZv6Rmlbkwwp7glflFfXr,35,9244,73900
/artists/9314724-into-orleans,Into Orleans,Into Orleans,,3mCZCFPAWL2ugHQXq1wqBb,2,105,323
/artists/9707774-intoorleans,Into-Orleans,Into Orleans,,3mCZCFPAWL2ugHQXq1wqBb,2,105,323
/artists/372471-iron-savior,Iron Savior,Iron Savior,,6COmyouHXwCeIGS1IFd1PA,39,64129,110500
/artists/2405758-iron-saviour,Iron Saviour,Iron Savior,,6COmyouHXwCeIGS1IFd1PA,39,64129,110500
/artists/3199471-dejohnette,Dejohnette,Jack DeJohnette,,7rDjbKTLlpNYJRWMm7QVxU,47,29009,389500
/artists/264134-jack-dejohnette,Jack DeJohnette,Jack DeJohnette,,7rDjbKTLlpNYJRWMm7QVxU,47,29009,389500
/artists/344332-jacky-terrasson,Jacky Terrasson,Jacky Terrasson,,2I5A4xP3QGJEDKGhhXMAVr,46,19090,389800
/artists/4274091-jterrasson,J.terrasson,Jacky Terrasson,,2I5A4xP3QGJEDKGhhXMAVr,46,19090,389800
/artists/297662-jacob-karlzon,Jacob Karlzon,Jacob Karlzon,,3R4vdaqhh9jn2fOCned9nM,30,3799,38300
/artists/3861386-jakob-karlzon,Jakob Karlzon,Jacob Karlzon,,3R4vdaqhh9jn2fOCned9nM,30,3799,38300
/artists/8693093-jakob-ogawa,Jakob Ogawa,Jakob,X,4ub2v80S4RIceZRGnlhjTr,57,200671,1200000
/artists/147529-jakob,Jakob,Jakob,,4ub2v80S4RIceZRGnlhjTr,57,200671,1200000
/artists/7443134-jean-paul-brodbeck,Jean Paul Brodbeck,Jean-Paul Brodbeck,,1ub8Ppat73nCF5bFhfTX02,1,151,109
/artists/916097-jeanpaul-brodbeck,Jean-Paul Brodbeck,Jean-Paul Brodbeck,,1ub8Ppat73nCF5bFhfTX02,1,151,109
/artists/104773-jeffrey-lewis,Jeffrey Lewis,Jeffrey Lewis,,2Icsf5D1lAs2EFx6kggg5D,38,38092,89200
/artists/8609809-jeffrey-lewis-and-los-bolts,Jeffrey Lewis & Los Bolts,Jeffrey Lewis,,2Icsf5D1lAs2EFx6kggg5D,38,38092,89200
/artists/358549-jenny,Jenny,Jenny,,6i5X4jYvJKUGQX0HXC0Ewh,44,4027,39200
/artists/136263-jenn,Jenn,Jenny,X,6i5X4jYvJKUGQX0HXC0Ewh,44,4027,39200
/artists/9723289-jenny-hval-nor,Jenny Hval ,Jenny Hval,,5eerVxtb9lY9p6D7m89Bs7,36,52822,67000
/artists/3766371-jenny-hval,Jenny Hval,Jenny Hval,,5eerVxtb9lY9p6D7m89Bs7,36,52822,67000
/artists/8168003-jillionnaire,Jillionnaire,Jillionaire,,6vW5qwWVSTErBV1HovumXm,38,9550,82400
/artists/3492256-jillionaire,Jillionaire,Jillionaire,,6vW5qwWVSTErBV1HovumXm,38,9550,82400
/artists/8516418-john-dear-switzerland,John Dear ,John Dear,,2J3N0TlWjtYiUoENrDXlcu,2,327,162
/artists/868544-john-dear,john dear,John Dear,,2J3N0TlWjtYiUoENrDXlcu,2,327,160
/artists/296980-john-francis,John Francis,John Francis,,3pg3HV2guIk6mEentAlK8Z,10,89,49
/artists/5318403-john-francis-us,The John Francis ,John Francis,,3pg3HV2guIk6mEentAlK8Z,10,89,49
/artists/110449-jonas-brothers,Jonas Brothers,Jonas Brothers,,7gOdHgIoIKoe4i9Tta6qdD,80,5564138,23500000
/artists/3091156-bonas-brothers,Bonas Brothers,Jonas Brothers,X,7gOdHgIoIKoe4i9Tta6qdD,80,5560654,23500000
/artists/8492913-josh-ch,JOSH ,Josh A,X,2rWCIhENZyPVDAeFC0ESWN,71,484687,3400000
/artists/9477909-josh-at,Josh. ,Josh A,X,2rWCIhENZyPVDAeFC0ESWN,71,484687,3400000
/artists/2994826-joydisaster,Joydisaster,Joy/Disaster,,6ncVTfa2SfvtHYialWxV5c,6,910,411
/artists/1057818-joy-disaster,Joy Disaster,Joy/Disaster,,6ncVTfa2SfvtHYialWxV5c,6,910,411
/artists/258379-junip,Junip,Junip,,7HcipAIJatVGT4U6HQrnFW,47,157564,336100
/artists/10139012-jukip2,jukip2,Junip,X,7HcipAIJatVGT4U6HQrnFW,47,157564,336300
/artists/8146508-okwess-international,Okwess International,Jupiter & Okwess,,2tujJgEWPfR8gdqVw183dT,24,10619,16900
/artists/5407008-jupiter-and-okwess-international,Jupiter and Okwess International,Jupiter & Okwess,,2tujJgEWPfR8gdqVw183dT,24,10619,16900
/artists/2697281-koan-sound,KOAN Sound,KOAN Sound,,1NCLweIUpq8knzemBwAwoo,42,99975,142700
/artists/6418099-koqa,KOQA,KOAN Sound,X,1NCLweIUpq8knzemBwAwoo,42,99975,142700
/artists/642733-nesseria,-NESSERIA -,KSI,X,1nzgtKYFckznkcVMR3Gg4z,78,2093729,8600000
/artists/380938-k,K,KSI,X,1nzgtKYFckznkcVMR3Gg4z,78,2095453,8600000
/artists/508769-kakkmaddafakka,Kakkmaddafakka,Kakkmaddafakka,,4HV7yKF3SRpY6I0gxu7hm9,51,165971,497600
/artists/9598129-kakkmadda-fakka,Kakkmadda fakka,Kakkmaddafakka,,4HV7yKF3SRpY6I0gxu7hm9,51,165971,497600
/artists/190256-kali,Kali,Kali,,1YRqgFNXqRyMDRr8ClS1NL,60,31171,1800000
/artists/189461-kal,Kal,Kali,X,1YRqgFNXqRyMDRr8ClS1NL,60,31171,1800000
/artists/8086173-kasparov-ch,Kasparov ,Kasparov,,4aBZtFUcaeqWOpAq5H3nRq,27,7145,31300
/artists/1114724-kasparov,Kasparov,Kasparov,,4aBZtFUcaeqWOpAq5H3nRq,27,7145,31300
/artists/7492704-katrin-bauerfeind,Katrin Bauerfeind,Katrin Bauerfeind,,7tauLr0mjs4tHHOfTJqgaH,24,2438,697
/artists/7948663-katrin-bauernfeind,Katrin Bauernfeind,Katrin Bauerfeind,,7tauLr0mjs4tHHOfTJqgaH,24,2438,697
/artists/2347487-kevin-devine-and-the-goddamn-band,Kevin Devine and The Goddamn Band,Kevin Devine,,66ScZxprvrMbCtN4ivA0JX,45,42692,429300
/artists/267661-kevin-devine,Kevin Devine,Kevin Devine,,66ScZxprvrMbCtN4ivA0JX,45,42692,429300
/artists/2692461-khaladj,Khaladj,Khalid,X,6LuN9FCkKOj5PcnpouEgny,88,14342483,46200000
/artists/894756-khalid,Khalid,Khalid,,6LuN9FCkKOj5PcnpouEgny,88,14342483,46200000
/artists/586539-kivimetsan-druidi,Kivimetsän Druidi,Kivimetsän Druidi,,7dAMU7I6Luvi1dS7k1LTFi,21,10032,10700
/artists/370473-kivimetsn-druidi,Kivimetsn Druidi,Kivimetsän Druidi,,7dAMU7I6Luvi1dS7k1LTFi,21,10032,10700
/artists/10131325-klaus-falschlunger,Klaus Falschlunger,Klaus Falschlunger,,5lYbMTW2E6TizSGk2jaesP,1,40,106
/artists/9922254-falschlunger,Falschlunger,Klaus Falschlunger,,5lYbMTW2E6TizSGk2jaesP,1,40,106
/artists/4041841-konono-ndeg1,Konono n°1,Konono N°1,,6Sr77iisVrcSg7bQfqqRHk,23,10638,7600
/artists/6306879-konono-no1,Konono No.1,Konono N°1,,6Sr77iisVrcSg7bQfqqRHk,23,10638,7600
/artists/8949614-korto-fr,Korto ,Korto,,0J6BHUunmBkUJB2LmesReA,4,437,201
/artists/4489573-korto,Korto,Korto,,0J6BHUunmBkUJB2LmesReA,4,437,201
/artists/5052973-harbour-heads,The Harbour Heads,Kristoffer And The Harbour Heads,,6SiVNy78yyHks1trqmvYTD,1,581,87
/artists/6094049-kristoffer-and-the-harbour-heads,Kristoffer & The Harbour Heads,Kristoffer And The Harbour Heads,,6SiVNy78yyHks1trqmvYTD,1,581,87
/artists/3905391-krocus,Krocus,Krokus,,4YveAIZNQZBiWbt7iWsvCa,47,215502,318700
/artists/397997-krokus,Krokus,Krokus,,4YveAIZNQZBiWbt7iWsvCa,47,215502,318700
/artists/344877-kruger,Kruger,Kruger,,28BpWcNSS8iZIXXaQIL7VU,6,548,53
/artists/507931-krug,Krug,Kruger,X,28BpWcNSS8iZIXXaQIL7VU,6,548,53
/artists/2046480-kunz,Kunz,Kunz,,30RSfdFlYhqrXr6c4c2xJJ,45,20007,90500
/artists/8722664-kunz-switzerland,Kunz ,Kunz,,30RSfdFlYhqrXr6c4c2xJJ,45,20007,90500
/artists/623-lorchestre-de-la-suisse-romande,L'orchestre De La Suisse Romande,L'Orchestre de la Suisse Romande,,4NzLn7UyhvBlgzhF7WwMM1,41,5570,120100
/artists/9579749-orchestre-de-la-suisse-romande,Orchestre de la Suisse Romande,L'Orchestre de la Suisse Romande,,4NzLn7UyhvBlgzhF7WwMM1,41,5570,120100
/artists/118548-lp,LP,LP,,0J7U24vlOOIeMpuaO6Q85A,70,2171472,5300000
/artists/1046786-lcp,LCP,LP,X,0J7U24vlOOIeMpuaO6Q85A,70,2171472,5300000
/artists/3593991-ladylike-lily,Ladylike Lily,Ladylike Lily,,4c9EbrVVm6nlAgkZbtpoTg,15,3572,3700
/artists/7737269-ladylike-lili,Ladylike Lili,Ladylike Lily,,4c9EbrVVm6nlAgkZbtpoTg,15,3572,3700
/artists/8046783-larytta-ch,LARYTTA ,Larytta,,11M2l1ZEGnx0viiMpLYvC6,10,1471,2900
/artists/78847-larytta,Larytta,Larytta,,11M2l1ZEGnx0viiMpLYvC6,10,1471,2900
/artists/4702763-skeleton-band,Skeleton Band,Le Skeleton Band,,2g44r8YEPcr8FnaVEJMd2N,2,385,153
/artists/2707801-le-skeleton-band,Le Skeleton Band,Le Skeleton Band,,2g44r8YEPcr8FnaVEJMd2N,2,385,153
/artists/2380124-lefto,Lefto,Lefto,,38qHUVZbVZfKq6NJxTU9oj,20,2160,8000
/artists/46639-left,Left,Lefto,,38qHUVZbVZfKq6NJxTU9oj,20,2160,8000
/artists/140435-cowboys-fringants,Cowboys Fringants,Les Cowboys Fringants,,54BZLczVMsW9sPSIcUst1a,57,163585,394000
/artists/320186-les-cowboys-fringants,Les Cowboys Fringants,Les Cowboys Fringants,,54BZLczVMsW9sPSIcUst1a,57,163642,394000
/artists/8894439-les-filles-de-illighadad,Les Filles de Illighadad,Les Filles de Illighadad,,45EoOvcenErsYkaJUnqjJv,31,15883,40300
/artists/8903784-le-filles-de-illighadad,Le Filles De Illighadad,Les Filles de Illighadad,,45EoOvcenErsYkaJUnqjJv,31,15883,40300
/artists/6489049-hay-babies,Hay Babies,Les Hay Babies,,19MYB7a3GOTcbnZrl7juwx,29,8345,16200
/artists/5480613-les-hay-babies,Les Hay Babies,Les Hay Babies,,19MYB7a3GOTcbnZrl7juwx,29,8345,16200
/artists/9164734-liars-usa,Liars ,Liars,,2z78AlkdwE2Ghj9EB50M6z,42,70617,126700
/artists/374699-liars,Liars,Liars,,2z78AlkdwE2Ghj9EB50M6z,42,70617,126700
/artists/5168588-licht-aus,Licht Aus,Light Asylum,X,2y98d6N81pArQNXYvkupr8,31,31134,45300
/artists/4428303-light-asylum,Light Asylum,Light Asylum,,2y98d6N81pArQNXYvkupr8,31,31134,45300
/artists/96298-lina,Lina,Lina,,3YPpKFZGAT0O8SJca2Aaj8,47,103023,133300
/artists/7965448-ligna,Ligna,Lina,X,3YPpKFZGAT0O8SJca2Aaj8,47,103023,133300
/artists/5769989-lingua-mortis,LINGUA MORTIS,Lingua Mortis Orchestra,,63AVLDvDrpyxVr66n8yyA6,7,2436,847
/artists/6841594-lingua-mortis-orchestra,Lingua Mortis Orchestra,Lingua Mortis Orchestra,,63AVLDvDrpyxVr66n8yyA6,7,2436,847
/artists/9681209-lord-kesseli-and-the-drums,lord kesseli and the drums,Lord Kesseli and the Drums,,7kEPX26C3PvemPun7bnWGD,6,918,375
/artists/8451173-lord-kessel-and-the-drums,Lord Kessel And The Drums,Lord Kesseli and the Drums,,7kEPX26C3PvemPun7bnWGD,5,918,384
/artists/8177708-lord-soft,Lord Soft,Lords of Black,,5PgEqen6HcezHZRU1PJO0Z,34,13064,80600
/artists/8327338-lords-of-black,Lords of Black,Lords of Black,,5PgEqen6HcezHZRU1PJO0Z,34,13064,80600
/artists/4947113-lost-alone,Lost Alone,LostAlone,,0rAOPs8hf2bB7KECYDdaMC,12,3241,1700
/artists/210970-lostalone,LostAlone,LostAlone,,0rAOPs8hf2bB7KECYDdaMC,12,3241,1700
/artists/4511343-luca-marini,Luca Marini,Luca Marino,,0Y1HW8SBc44CGnE6TkLPxT,2,230,104
/artists/9280879-luca-marino,Luca Marino,Luca Marino,,0Y1HW8SBc44CGnE6TkLPxT,2,230,104
/artists/2688446-niggli,Niggli,Lucas Niggli,,0ZsCrNbXiG1JKXjIMWrwW3,7,190,312
/artists/2081883-lucas-niggli,Lucas Niggli,Lucas Niggli,,0ZsCrNbXiG1JKXjIMWrwW3,7,190,312
/artists/78545-lucky,Lucky,Lucky,,6EVH8rZ1EAJxprA8Izh6Je,34,614,58100
/artists/8429553-luck3y,Luck3y,Lucky,X,6EVH8rZ1EAJxprA8Izh6Je,34,614,58100
/artists/10098348-luzerner-sinfonieorchester,Luzerner Sinfonieorchester,Luzerner Sinfonieorchester,,3bp9jWcdIJ7mBk8Z8RrKCD,24,177,11000
/artists/9734009-lucerne-symphony,Lucerne Symphony,Luzerner Sinfonieorchester,,3bp9jWcdIJ7mBk8Z8RrKCD,24,177,11000
/artists/5313478-ms-mr,MS MR,MS MR,,4XaUmUGjidSklcDHxv3XWf,46,261116,353200
/artists/8798394-mslm,MSLM,MS MR,X,4XaUmUGjidSklcDHxv3XWf,46,261116,353200
/artists/416584-mad-dog,Mad Dog,Mad Dog,,1uzkHS7XittpyObk3I7E8D,20,0,230
/artists/8279223-mad-dog-it,Mad Dog ,Mad Dog,,1uzkHS7XittpyObk3I7E8D,20,0,230
/artists/9720424-madsen-de,Madsen ,Madsen,,1LsT3D414izg8h3K1VbrL4,52,174962,507900
/artists/275414-madsen,Madsen,Madsen,,1LsT3D414izg8h3K1VbrL4,52,174962,507900
/artists/157987-mad,Mad,Maduk,,6TaaqqCMRMSpvNHClfnbEL,55,74154,642100
/artists/4380973-maduk,Maduk,Maduk,,6TaaqqCMRMSpvNHClfnbEL,56,74154,642100
/artists/10070013-ma-gda,ma gda,Magda,,4ZLVlSUnWLinbhSzAiBrt2,18,3300,3800
/artists/313866-magda,Magda,Magda,,4ZLVlSUnWLinbhSzAiBrt2,18,3300,3800
/artists/8046853-magic-and-naked-ch,MAGIC & NAKED ,Magic & Naked,,3lZJcvwpzpBRHN7ZalVwkX,15,1637,6300
/artists/7485759-magic-and-naked,Magic and Naked,Magic & Naked,,3lZJcvwpzpBRHN7ZalVwkX,16,1637,6300
/artists/2106813-magic-slim-and-teardrops,Magic Slim & Teardrops,Magic Slim & The Teardrops,,2HjJcAHHvf3xGxYQ6LXSat,29,5282,25100
/artists/67708-magic-slim-and-the-teardrops,Magic Slim & The Teardrops,Magic Slim & The Teardrops,,2HjJcAHHvf3xGxYQ6LXSat,29,5282,25100
/artists/2414363-magic-rays,Magic Rays,Magicrays,,6VXg4ZmtUQikwtmVk4s8Vv,1,157,70
/artists/444880-magicrays,Magicrays,Magicrays,,6VXg4ZmtUQikwtmVk4s8Vv,1,157,70
/artists/4567848-make-me-a-donut,Make Me a Donut,Make Me A Donut,,6t1j1IalJsZUxbprOZ7yBf,4,1151,280
/artists/8046673-make-me-a-donut-ch,MAKE ME A DONUT ,Make Me A Donut,,6t1j1IalJsZUxbprOZ7yBf,4,1151,280
/artists/9055379-makewar,MakeWar,MakeWar,,0dZUiHIO2BUomz0xwglFiW,27,5789,21000
/artists/8654704-make-war,Make War,MakeWar,,0dZUiHIO2BUomz0xwglFiW,27,5789,21000
/artists/125355-mali,Mali,Malik,,5jujKJzauvmpXUhyyWo3UD,41,3500,99900
/artists/424332-malik,Malik,Malik,,5jujKJzauvmpXUhyyWo3UD,41,3500,99900
/artists/8927299-mane-ch,Mané ,Mane,,5li13rGEluEhEu6AOja0sa,18,50,4200
/artists/396838-mane,Mane,Mane,,5li13rGEluEhEu6AOja0sa,18,50,4200
/artists/932236-manillio,manillio,Manillio,,7uxtLjuqkJ3cnjQQuW6Cul,33,15929,32400
/artists/3620371-manillo,Manillo,Manillio,,7uxtLjuqkJ3cnjQQuW6Cul,33,15929,32299
/artists/4200116-manilio,Manilio,Manillio,,7uxtLjuqkJ3cnjQQuW6Cul,33,15929,32299
/artists/8912799-manu-louis-vc,Manu Louis ,Manu Louis,,37KpmrJJknftKFjXeA1N6B,2,252,137
/artists/8468633-manu-louis,Manu Louis,Manu Louis,,37KpmrJJknftKFjXeA1N6B,2,252,137
/artists/10091948-manuel-walser,Manuel Walser,Manuel Walser,,3LNGosVeFYo11zTHZ7oj2j,3,26,361
/artists/8022418-manuel-wulse,Manuel Wülse,Manuel Walser,X,3LNGosVeFYo11zTHZ7oj2j,3,26,361
/artists/7299119-marcolivier-oetterli,Marc-Olivier Oetterli,Marc-Olivier Oetterli,,3f2w0c2aUqSCvsMVpcICOg,0,2,92
/artists/8114813-marc-olivier-oetterli,Marc Olivier Oetterli,Marc-Olivier Oetterli,,3f2w0c2aUqSCvsMVpcICOg,0,2,92
/artists/10143898-marco-kappeli,Marco Kappeli,Marco Käppeli,,01PFotUdgpp0lu0zrmKCaF,0,11,29
/artists/10113663-kappeli,Käppeli,Marco Käppeli,,01PFotUdgpp0lu0zrmKCaF,0,11,29
/artists/4392958-maribou-state,Maribou State,Maribou State,,7zrkALJ9ayRjzysp4QYoEg,64,267191,2500000
/artists/8046848-marilou-ch,MARILOU ,Maribou State,X,7zrkALJ9ayRjzysp4QYoEg,64,267191,2500000
/artists/317102-marilyn-manson,Marilyn Manson,Marilyn Manson,,2VYQTNDsvvKN9wmU5W7xpj,72,3427151,5700000
/artists/10111465-man-man-man,Man Man Man,Marilyn Manson,X,2VYQTNDsvvKN9wmU5W7xpj,72,3427151,5700000
/artists/136719-mario-biondi,Mario Biondi,Mario Biondi,,1dRsXw2TtfCXfqMLRiP088,53,108149,407500
/artists/8523223-mario-bondi,Mario bondi,Mario Biondi,,1dRsXw2TtfCXfqMLRiP088,53,108149,407500
/artists/92822-mark-feldman,Mark Feldman,Mark Feldman,,4SOKSspBiacwf4ovOGG2iA,15,702,6200
/artists/7936208-mark-feldmann,Mark Feldmann,Mark Feldman,,4SOKSspBiacwf4ovOGG2iA,15,702,6200
/artists/6596729-mark-lanegan-band,Mark Lanegan Band,Mark Lanegan,,1fpXM23IoNckJ7NDAm8YJQ,51,194755,431100
/artists/356939-mark-lanegan,Mark Lanegan,Mark Lanegan,,1fpXM23IoNckJ7NDAm8YJQ,51,194755,431100
/artists/4917418-martin-kalberer,Martin Kälberer,Martin Kälberer,,5coyxZUfGNnxd7SeisZakg,21,1224,4200
/artists/2926261-kalberer,Kälberer,Martin Kälberer,,5coyxZUfGNnxd7SeisZakg,21,1224,4200
/artists/440889-martinez,Martinez,Martinez,,7GVu6MlEKOgGFxPsae0NFJ,36,3554,46400
/artists/8904679-martinezch,Martinez,Martinez,,7GVu6MlEKOgGFxPsae0NFJ,36,3554,46400
/artists/3082396-marty-ehrlich-quartet,Marty Ehrlich Quartet,Marty Ehrlich Rites Quartet,,5HqIg8UL9h9VnU54oQ1fs4,0,26,1
/artists/3146256-marty-ehrlich-rites-quartet,Marty Ehrlich Rites Quartet,Marty Ehrlich Rites Quartet,,5HqIg8UL9h9VnU54oQ1fs4,0,26,1
/artists/7230649-spillmann,Spillmann,Mats Spillmann,,6QMAEwD01mGsODb11SrEFt,0,1,2
/artists/10159511-mats-spillmann,Mats Spillmann,Mats Spillmann,,6QMAEwD01mGsODb11SrEFt,0,1,2
/artists/8622999-mathieu-michel,Mathieu Michel,Matthieu Michel,,41FrZElPoQw0plv2d3UL2r,38,239,133000
/artists/8672543-matthieu-michel,Matthieu Michel,Matthieu Michel,,41FrZElPoQw0plv2d3UL2r,38,239,133000
/artists/511523-match,M.a.t.c.h.,Maurice André,X,12LdOpXPkvTuU6nauFBh41,35,11867,55100
/artists/4132186-mit-fool,Mit F.o.o.l,Maurice André,X,12LdOpXPkvTuU6nauFBh41,35,11867,55100
/artists/9131919-me-and-mobi-ch,Me&Mobi ,Me&Mobi,,5gU5CMICDAU7d82EyB4Oku,0,137,28
/artists/8758514-me-and-mobi,Me & Mobi,Me&Mobi,,5gU5CMICDAU7d82EyB4Oku,0,137,28
/artists/448248-meltdown,Meltdown,Meltdown,,4t82buKvhVT0t4FdF1d11i,17,104,7000
/artists/9450019-meltdown-eh,Meltdown ,Meltdown,,4t82buKvhVT0t4FdF1d11i,17,104,7000
/artists/4362133-melvins-lite,Melvins Lite,Melvins,,6aVjo0xHSiuW5hkasoYSR3,51,281647,447800
/artists/207184-melvins,Melvins,Melvins,,6aVjo0xHSiuW5hkasoYSR3,51,281647,447800
/artists/1820726-me,Me,Mew,X,6kDMoHTcBICPILP2aclPWZ,44,123145,122100
/artists/207026-mew,Mew,Mew,,6kDMoHTcBICPILP2aclPWZ,44,123145,122100
/artists/8854319-midilik,Midilik,Midlake,X,4YsP5zmteLQ7etNjHAOu30,46,109156,350900
/artists/66246-midlake,Midlake,Midlake,,4YsP5zmteLQ7etNjHAOu30,46,109156,350900
/artists/1367596-m,-M-,Migos,X,6oMuImdp5ZcFhWP0ESe6mG,82,11782754,18800000
/artists/7222459-migos,Migos,Migos,,6oMuImdp5ZcFhWP0ESe6mG,82,11784944,18800000
/artists/451008-miossec,Miossec,Miossec,,0wf6vuNqTvdRGrmpsPu2kW,37,41961,87500
/artists/8045863-miossec-fr,MIOSSEC ,Miossec,,0wf6vuNqTvdRGrmpsPu2kW,37,41961,87500
/artists/206346-miracle-fortress,Miracle Fortress,Miracle Fortress,,5IBqn0XSlmonqBm9Vf5T2x,17,3874,6500
/artists/9083624-miracle-four,Miracle Four,Miracle Fortress,X,5IBqn0XSlmonqBm9Vf5T2x,17,3874,6500
/artists/332532-modeselektor,Modeselektor,Modeselektor,,2jYMYP2SVifgmzNRQJx3SJ,49,202235,354800
/artists/3415281-modeselektion,Modeselektion,Modeselektor,,2jYMYP2SVifgmzNRQJx3SJ,49,202235,354800
/artists/10096110-mono-blues-band,Mono Blues Band,Mojo Blues Band,X,4Ry4wFq0m8FwZx1J5OKSSk,29,4270,19100
/artists/11267-mojo-blues-band,Mojo Blues Band,Mojo Blues Band,,4Ry4wFq0m8FwZx1J5OKSSk,29,4270,19100
/artists/599905-monkey3,Monkey3,Monkey3,,31GFg2x20JkksUlQxN9BMe,30,25637,24300
/artists/7771479-monkey-3,Monkey 3,Monkey3,,31GFg2x20JkksUlQxN9BMe,30,25637,24300
/artists/316019-montserrat-caballe,Montserrat Caballe,Montserrat Caballé,,6oGu0NZWy8gJ18wggybFqH,51,66067,711400
/artists/224783-montserrat-caball,Montserrat Caball,Montserrat Caballé,,6oGu0NZWy8gJ18wggybFqH,51,66067,711400
/artists/10087599-mord-fuzztang,Mord Fuzztang,Mord Fustang,,34hwBP1esafQoCVtLz7F6K,42,50472,141000
/artists/4270006-mord-fustang,Mord Fustang,Mord Fustang,,34hwBP1esafQoCVtLz7F6K,42,50472,141000
/artists/7588849-motor-city-drum-ensemble-d,Motor City Drum Ensemble ,Motor City Drum Ensemble,,4TlzX7s6kuZDtiBpsopcBf,38,79486,184900
/artists/1678228-motor-city-drum-ensemble,Motor City Drum Ensemble,Motor City Drum Ensemble,,4TlzX7s6kuZDtiBpsopcBf,38,79486,184900
/artists/61825-motor,Motor,Motorama,X,3j0kMFxXTTYsuw1twLClw3,52,173731,426600
/artists/36738-motorama,Motorama,Motorama,,3j0kMFxXTTYsuw1twLClw3,52,173731,426600
/artists/9708079-mrblue-and-the-tight-groove,Mr.Blue & The Tight Groove,Mr Blue & The Tight Groove,,31XwsIrIZ1uTtf4uCN1Xnm,3,71,346
/artists/5205773-tight-groove,The Tight Groove,Mr Blue & The Tight Groove,,31XwsIrIZ1uTtf4uCN1Xnm,4,71,349
/artists/76512-mr-ray,Mr. Ray,Mr. Ray,,2i4GVlEu6cffApP1QcjawY,35,961,68600
/artists/9952929-mr-ray-band,Mr. Ray ,Mr. Ray,,2i4GVlEu6cffApP1QcjawY,35,961,68600
/artists/7200609-mudbath-fr,Mudbath ,Mudeth,X,6ERwcThkHmFXYHH3TagPOY,40,5579,59300
/artists/1700693-mudbath,Mudbath,Mudeth,X,6ERwcThkHmFXYHH3TagPOY,40,5579,59300
/artists/2202327-mumford-and-sons,Mumford & Sons,Mumford & Sons,,3gd8FJtBJtkRxdfbTu19U2,74,6149961,8400000
/artists/8044488-mfmf,Mfmf,Mumford & Sons,X,3gd8FJtBJtkRxdfbTu19U2,74,6149961,8400000
/artists/9632864-murphy-ch,Murphy ,Murphy,,25nKGLt8u775jURsw1bIP0,23,9,16100
/artists/757420-murphy,Murphy,Murphy,,25nKGLt8u775jURsw1bIP0,23,9,16100
/artists/263422-mur,Mur,Murs,X,2dWF6m2ksP9GN75fufFp16,49,133971,239700
/artists/82388-murs,Murs,Murs,,2dWF6m2ksP9GN75fufFp16,49,133971,239700
/artists/240650-mu,Mu,Muse,X,12Chz98pHFMPJEknJQMWvI,76,6643162,10700000
/artists/219230-muse,Muse,Muse,,12Chz98pHFMPJEknJQMWvI,76,6643162,10700000
/artists/2589991-my-bubba-and-mi,My Bubba & Mi,My Bubba,,09VsCALGBjeVE3pq9k085d,32,16760,47700
/artists/4277416-my-bubba,My Bubba,My Bubba,,09VsCALGBjeVE3pq9k085d,32,16760,47700
/artists/4188706-mya-audrey,Mya Audrey,Mya Audrey,,78AnJEAgyLoz3yjzg4zwwZ,1,118,57
/artists/3094576-mya-audray,Mya Audray,Mya Audrey,,78AnJEAgyLoz3yjzg4zwwZ,1,118,57
/artists/441319-manegarm,Månegarm,Månegarm,,6jQgWQKirZ7IKDGN8fRtdA,35,55678,41900
/artists/99862-mnegarm,Mnegarm,Månegarm,,6jQgWQKirZ7IKDGN8fRtdA,35,55678,41900
/artists/291199-ndr-bigband,NDR Bigband,NDR Bigband,,2JgSc66Kcvl1pko9jI5K91,22,1502,9800
/artists/538954-ndr-big-band,NDR Big Band,NDR Bigband,,2JgSc66Kcvl1pko9jI5K91,22,1502,9800
/artists/7725449-natascha-waters,Natascha Waters,Natasha Waters,,3G14Laubj5olD0bsK0A8pp,7,176,525
/artists/5341513-natasha-waters,Natasha Waters,Natasha Waters,,3G14Laubj5olD0bsK0A8pp,7,176,525
/artists/480812-neo,Neo,Ne-Yo,X,21E3waRsmPlU7jZsS13rcj,79,6409678,15900000
/artists/491256-neyo,Ne-Yo,Ne-Yo,,21E3waRsmPlU7jZsS13rcj,79,6409678,15900000
/artists/394864-neil-young-and-crazy-horse,Neil Young & Crazy Horse,Neil Young,,6v8FB84lnmJs434UJf2Mrm,70,2326274,6100000
/artists/1980138-neil-young,Neil Young,Neil Young,,6v8FB84lnmJs434UJf2Mrm,70,2326274,6100000
/artists/9048559-nels-cline-four,The Nels Cline Four,Nels Cline,,3s6o8vxtYJ1utkWl8EXxUp,32,19010,55600
/artists/53910-nels-cline-singers,The Nels Cline Singers,Nels Cline,,3s6o8vxtYJ1utkWl8EXxUp,32,19010,55600
/artists/242853-nels-cline,Nels Cline,Nels Cline,,3s6o8vxtYJ1utkWl8EXxUp,32,19010,55600
/artists/407920-nen,Nen,Nena,X,6Tz0QRoe083BcOo2YbG9lV,63,292166,3500000
/artists/137476-nena,Nena,Nena,,6Tz0QRoe083BcOo2YbG9lV,63,292166,3500000
/artists/6357084-nevborn,NevBorn,NevBorn,,3BX0sUe4noAON504FqA1GW,0,116,6
/artists/7735709-nevborn-ch,NEVBORN ,NevBorn,,3BX0sUe4noAON504FqA1GW,0,116,6
/artists/246356-new-york-skajazz-ensemble,New York Ska-jazz Ensemble,New York Ska-Jazz Ensemble,,0ADVX4vKQN1saCsOdl67Fj,37,50930,75000
/artists/4796428-new-york-ska,New York Ska,New York Ska-Jazz Ensemble,,0ADVX4vKQN1saCsOdl67Fj,37,50930,75000
/artists/3640281-nickless,Nickless,Nickless,,1qhcP0Cfa1bJtE8JmbQ4Ea,29,7021,30100
/artists/7783474-neckless-ch,NECKLESS ,Nickless,X,1qhcP0Cfa1bJtE8JmbQ4Ea,29,7021,30100
/artists/519777-nightmare,Nightmare,Nightmare,,11CxpTfZC60MYKjL7HESKR,54,90267,817800
/artists/8991114-nightmare-france,Nightmare ,Nightmare,,11CxpTfZC60MYKjL7HESKR,54,90267,817800
/artists/8400663-nik-bartschs-mobile,Nik Bärtsch's Mobile,Nik Bärtsch,,2tVApsyMhUNv0jc7r18YUd,30,17322,31100
/artists/166040-nik-bartsch,Nik Bärtsch,Nik Bärtsch,,2tVApsyMhUNv0jc7r18YUd,30,17322,31100
/artists/161777-nik-bartschs-ronin,Nik Bärtsch's Ronin,Nik Bärtsch,,2tVApsyMhUNv0jc7r18YUd,30,17322,31100
/artists/10133504-nockis,Nockis,Nockis,,5zhgr2K8b8Zmp5exDcyM8y,46,28341,135800
/artists/8518-nockalm-quintett,Nockalm Quintett,Nockis,X,5zhgr2K8b8Zmp5exDcyM8y,46,28341,135800
/artists/1471888-noel-mccalla,Noel Mccalla,Noel McCalla,,3ihCxMgACubCcmoXbhhfKC,2,134,133
/artists/3681346-noel-mcalla,Noel Mcalla,Noel McCalla,,3ihCxMgACubCcmoXbhhfKC,2,134,133
/artists/170054-noise,Noise,NoiseZ,X,0sfBeyU3aHvVFEGrPBU3xq,39,45,33300
/artists/354688-xnoise,XNoise,NoiseZ,X,0sfBeyU3aHvVFEGrPBU3xq,39,45,33200
/artists/88735-november7,November-7,November-7,,3PMpKCA881Qr8LzyVbh5Hj,2,583,202
/artists/5471933-november-7,November 7,November-7,,3PMpKCA881Qr8LzyVbh5Hj,2,583,202
/artists/8553134-nur,Nur,Nura,X,3gkbRDj7pkIylWVBpRfrQf,60,220349,1100000
/artists/498960-nura,Nura,Nura,,3gkbRDj7pkIylWVBpRfrQf,60,220349,1100000
/artists/3523456-obelyskkh,Obelyskkh,Obelyskkh,,4Ysi4MSfhgLZYvLsWy95I2,1,468,102
/artists/9544414-obelyskkh-ger,Obelyskkh ,Obelyskkh,,4Ysi4MSfhgLZYvLsWy95I2,1,468,102
/artists/7296504-oberaargauer-brass-band,Oberaargauer Brass Band,Oberaargauer Brass Band,,3lAIcqnw86uEDrm10Xn7XI,20,687,9100
/artists/9985794-oberaargauer-brassband,Oberaargauer Brassband,Oberaargauer Brass Band,,3lAIcqnw86uEDrm10Xn7XI,20,687,9100
/artists/10139129-obradovic-duo,Obradovic Duo,Obradovic-Tixier Duo,,7sgWI00HgvPBRiJVPyqHPM,2,292,173
/artists/10141330-obradovictixier-duo,Obradovic-Tixier duo,Obradovic-Tixier Duo,,7sgWI00HgvPBRiJVPyqHPM,2,292,173
/artists/9772294-oceans-ger,Oceans ,Oceans,,7x3hXpGkI296eBLTbhbND0,39,14054,110800
/artists/174066-oceans,Oceans,Oceans,,7x3hXpGkI296eBLTbhbND0,39,14054,110800
/artists/6226869-oceans-of-slumber,Oceans of Slumber,Oceans of Slumber,,2JSza6IRxLr1Ez3wqKd0SY,32,31119,36700
/artists/9886144-ocean-of-slumber,Ocean Of Slumber,Oceans of Slumber,,2JSza6IRxLr1Ez3wqKd0SY,32,31119,36700
/artists/5349533-ochumare,Ochumare,Ochumare Quartet,,7nWmis0cDJqsZPodWFsVxz,0,18,13
/artists/4636813-ochumare-quartet,Ochumare Quartet,Ochumare Quartet,,7nWmis0cDJqsZPodWFsVxz,0,18,13
/artists/438992-oldseed,Oldseed,Oldseed,,1r8n7TypthCGrQMeWcfI5g,3,244,91
/artists/2397006-old-seed,Old Seed,Oldseed,,1r8n7TypthCGrQMeWcfI5g,3,244,91
/artists/382480-onyx,Onyx,Onyx,,10Khz9BDdDT2mzm3330Cvu,53,364378,750900
/artists/9701219-onyx-ch,Onyx ,Onyx,,10Khz9BDdDT2mzm3330Cvu,53,364378,750900
/artists/9220344-orefik,Ørefik,Orezi,X,6voVBz1bN1mWZCLpNZGqzD,39,30737,113500
/artists/1221697-ore,Oré,Orezi,X,6voVBz1bN1mWZCLpNZGqzD,39,30737,113100
/artists/2777516-osca,Osca,Oscar,,6dKPNkSEQOrRRvZz63Y47F,49,42851,67700
/artists/8552779-oscar,Oscar,Oscar,,6dKPNkSEQOrRRvZz63Y47F,49,42851,67700
/artists/8530684-oso-oso,Oso Oso,Oso Oso,,63GTn25wbdRNX3ijCHvYxD,45,46514,162700
/artists/10076726-osomo,OSOMO,Oso Oso,X,63GTn25wbdRNX3ijCHvYxD,45,46514,162700
/artists/887658-pui,PUi,PUi,,2VcmWsA8VqabrrD3tgofXh,0,140,39
/artists/7688854-pui-usa,PUi ,PUi,,2VcmWsA8VqabrrD3tgofXh,0,140,39
/artists/1261651-palkomuski,palkomuski,Palko!Muski,,1kfoqfSvRMZLIgMApLLBwr,27,1479,24900
/artists/4957733-palko-muski,Palko Muski,Palko!Muski,,1kfoqfSvRMZLIgMApLLBwr,27,1479,24900
/artists/138400-pato,Pato,Pato,,4cpo0qjZRArbnXjkswtIbi,10,690,1400
/artists/9691179-pato-ch,Pato ,Pato,,4cpo0qjZRArbnXjkswtIbi,10,690,1400
/artists/389561-patti-smith-group,Patti Smith Group,Patti Smith,,0vYkHhJ48Bs3jWcvZXvOrP,60,793814,2500000
/artists/94437-patti-smith,Patti Smith,Patti Smith,,0vYkHhJ48Bs3jWcvZXvOrP,60,793814,2500000
/artists/9496044-pedro-allesbollet,Pedro ,Pedro,,2LI7lXaNJU420lffFWJUcT,62,625,1100000
/artists/333398-pedro,Pedro,Pedro,,2LI7lXaNJU420lffFWJUcT,62,625,1100000
/artists/8293523-phoenix-zurich,Phoenix ,Phoenix,,1xU878Z1QtBldR7ru9owdU,65,1709992,3700000
/artists/271893-phoenix,Phoenix,Phoenix,,1xU878Z1QtBldR7ru9owdU,65,1709992,3700000
/artists/96251-pigeon-john,Pigeon John,Pigeon John,,3RfeWhoxAqlNRNcywG7RJj,46,36397,265000
/artists/4869288-john-pigeon,John Pigeon,Pigeon John,,3RfeWhoxAqlNRNcywG7RJj,46,36397,265000
/artists/3705716-brit-floyd,Brit Floyd,Pink Floyd,X,0k17h0D3J5VfsdmQ1iZtE9,80,15426001,14600000
/artists/400904-pink-floyd,Pink Floyd,Pink Floyd,,0k17h0D3J5VfsdmQ1iZtE9,80,15433494,14600000
/artists/9603474-polar-cirlces,Polar Cirlces,Polar Circles,,1iJqA3xRO4zqTerNkVgZWl,7,820,1500
/artists/6710949-polar-circles,Polar Circles,Polar Circles,,1iJqA3xRO4zqTerNkVgZWl,7,820,1500
/artists/484141-polaris,Polaris,Polaris,,0v2e0oznnTaIXKLGKHphfX,56,156500,604000
/artists/9218574-polaris-aus,Polaris ,Polaris,,0v2e0oznnTaIXKLGKHphfX,56,156500,604000
/artists/173814-procupine-tree,Procupine Tree,Porcupine Tree,,5NXHXK6hOCotCF8lvGM1I0,56,496003,526000
/artists/260805-porcupine-tree,Porcupine Tree,Porcupine Tree,,5NXHXK6hOCotCF8lvGM1I0,56,496003,526000
/artists/9120944-portugal-the-man-usa,Portugal. The Man ,Portugal. The Man,,4kI8Ie27vjvonwaB2ePh8T,68,1260378,6100000
/artists/400418-portugal-the-man,Portugal. The Man,Portugal. The Man,,4kI8Ie27vjvonwaB2ePh8T,68,1260378,6100000
/artists/132577-posh,Posh,Posh,,4Gipfn4WVUVKTBYyKPQ3u3,11,117,3400
/artists/9366214-posh-ch,Posh ,Posh,,4Gipfn4WVUVKTBYyKPQ3u3,11,117,3400
/artists/5092163-prader-and-knecht,Prader & Knecht,Prader & knecht,,7vPfT2ODlMR2mGPyQ8YLMZ,1,186,50
/artists/9314729-prader-und-knecht,Prader und Knecht,Prader & knecht,,7vPfT2ODlMR2mGPyQ8YLMZ,1,186,50
/artists/183376-premiata-forneria-marconi,Premiata Forneria Marconi,Premiata Forneria Marconi,,1MD5pgVzlusqGyuSTcTxvu,40,86347,112300
/artists/8948809-pfm-premiata-forneria-marconi,PFM Premiata Forneria Marconi,Premiata Forneria Marconi,,1MD5pgVzlusqGyuSTcTxvu,40,86347,112300
/artists/10096160-pronto,Pronto,Pronto,,2ZT8zCu4xXbz7R1R0EzqWO,56,37214,641600
/artists/10096159-pronto-ch,Pronto ,Pronto,,2ZT8zCu4xXbz7R1R0EzqWO,56,37214,641600
/artists/480314-psychonauts,Psychonauts,Psychonauts,,6RDps2aKfmkOIKyX1om6ZP,5,757,817
/artists/7320909-psychonautes,Psychonautes,Psychonauts,,6RDps2aKfmkOIKyX1om6ZP,5,757,817
/artists/220219-rem,R.E.M.,R.E.M.,,4KWTAlx2RvbpseOGMEmROg,74,3173305,12700000
/artists/422771-ear,E.a.r,R.E.M.,X,4KWTAlx2RvbpseOGMEmROg,74,3173305,12700000
/artists/2498311-r5,R5,R5,,5aptPwTkTKmlPx6csmNJLA,54,598131,668100
/artists/44396-rc5,Rc5,R5,X,5aptPwTkTKmlPx6csmNJLA,54,598131,668100
/artists/10076056-rahel-senn-piano,Rahel Senn ,Rahel Senn,,2GDDVBdLjberenHChLJ1w0,28,584,27800
/artists/10076054-rahel-senn,rahel senn,Rahel Senn,,2GDDVBdLjberenHChLJ1w0,28,584,28000
/artists/79422-rahzel,Rahzel,Rahzel,,6vunRaBya0Sx6CMJZAlHTZ,44,11339,22400
/artists/819330-rhazel,rhazel,Rahzel,,6vunRaBya0Sx6CMJZAlHTZ,44,11339,22300
/artists/830424-red-lemon,Red Lemon,Red Lemon,,5sjFMwugEcq82OeC9O78Sd,33,77,66400
/artists/8404688-redlemon,Red_Lemon,Red Lemon,,5sjFMwugEcq82OeC9O78Sd,33,77,66400
/artists/84800-redwood,Redwood,Redwood,,1b5YY39752Emp5AHkBqhrO,15,567,683
/artists/9610604-redwood-ch,Redwood ,Redwood,,1b5YY39752Emp5AHkBqhrO,15,567,683
/artists/365343-rek,Rek,Reks,X,6Apw0ReFBi9C1QBultw8pn,35,34156,61400
/artists/353262-reks,Reks,Reks,,6Apw0ReFBi9C1QBultw8pn,35,34156,61400
/artists/625054-relentless,Relentless,Relentless,,66greqz1vUMiMFywu5KsAw,14,441,3100
/artists/296448-repeatles,Repeatles,Relentless,X,66greqz1vUMiMFywu5KsAw,14,441,3100
/artists/3567821-reto-burell,Reto Burell,Reto Burrell,,1ud1ANMFwjmloRMU5Kzhgh,8,391,872
/artists/167181-reto-burrell,Reto Burrell,Reto Burrell,,1ud1ANMFwjmloRMU5Kzhgh,8,391,872
/artists/7038144-nici-faerber,Nici Faerber,Riccardo Muti,X,7silW8RiEOoLBgAg5JBCL1,55,29277,652200
/artists/432665-riccardo-muti,Riccardo Muti,Riccardo Muti,,7silW8RiEOoLBgAg5JBCL1,55,29277,652200
/artists/244666-rio,Rio,Rio,,4WXYemaE9nfL2Gb4Uz3Xbs,53,2061,387100
/artists/9170369-rio-official,Rio ,Rio,,4WXYemaE9nfL2Gb4Uz3Xbs,53,2061,387100
/artists/9230304-rival-empire,Rival Empire,Rival Empire,,7IFZzLvzYLGR51kFWK5FXm,0,615,37
/artists/9230309-rival-empire-ch,Rival Empire ,Rival Empire,,7IFZzLvzYLGR51kFWK5FXm,0,615,37
/artists/9637419-rob-mo,Rob Mo,Rob Moir,X,1Pa4BHYwxqvemHWy3UGEze,2,688,250
/artists/3862416-rob-moir,Rob Moir,Rob Moir,,1Pa4BHYwxqvemHWy3UGEze,2,688,250
/artists/8823134-rob-tognoni-aus,Rob Tognoni ,Rob Tognoni,,09eNSBkVhCYr9i965i6fnd,13,3283,1900
/artists/547638-rob-tognoni,Rob Tognoni,Rob Tognoni,,09eNSBkVhCYr9i965i6fnd,13,3283,1900
/artists/8798389-rodrigo-ch,Rodrigo ,Rodrigo,,235Vf4hkmwvxjVEMuCbRxm,61,1001330,1400000
/artists/6301034-rodri,Rodri,Rodrigo,X,235Vf4hkmwvxjVEMuCbRxm,61,1001330,1400000
/artists/72744-rootsystem,RootSystem,Root' System,,7p2Jvh71OLkRkmrld7UGoR,2,346,163
/artists/960429-root-system,Root System,Root' System,,7p2Jvh71OLkRkmrld7UGoR,2,346,163
/artists/7808529-rushden-diamonds,Rushden Diamonds,Rushden & Diamonds,,4mNiNQoXR1ZBLt3dM3CWcd,12,1048,1500
/artists/5497693-rushden-and-diamonds,Rushden & Diamonds,Rushden & Diamonds,,4mNiNQoXR1ZBLt3dM3CWcd,12,1048,1500
/artists/175734-sade,Sade,Sade,,47zz7sob9NUcODy0BTDvKx,70,2558585,4300000
/artists/11306-sad,Sad,Sade,X,47zz7sob9NUcODy0BTDvKx,70,2558585,4300000
/artists/4555583-salmo,Salmo,Salmo,,3hBQ4zniNdQf1cqqo6hzuW,70,2064009,2700000
/artists/547499-sal,Sal,Salmo,X,3hBQ4zniNdQf1cqqo6hzuW,70,2064009,2700000
/artists/2320922-sam-amidon,Sam Amidon,Sam Amidon,,6TTJ0xLPPNDyv4bXyukzU4,41,29616,186600
/artists/9281089-sam-amdion,Sam Amdion,Sam Amidon,,6TTJ0xLPPNDyv4bXyukzU4,41,29616,186600
/artists/10073076-saphira-ch,Saphira ,Saphira,,54OElx88BiIKhxusFhbNAl,16,1433,1400
/artists/628727-saphira,Saphira,Saphira,,54OElx88BiIKhxusFhbNAl,16,1433,1400
/artists/834593-satan,Satan,Satan,,1LNgvz72fQVLe7ZNIw6Ipo,24,25206,12200
/artists/7137314-satang,Sataŋ,Satan,X,1LNgvz72fQVLe7ZNIw6Ipo,24,25206,12200
/artists/9072879-satan-fr,Satan ,Satan,,1LNgvz72fQVLe7ZNIw6Ipo,24,25206,12200
/artists/3929726-schoolboy-q,ScHoolboy Q,ScHoolboy Q,,5IcR3N7QB1j6KBL8eImZ8m,76,3833769,9500000
/artists/1869749-schon,SCHON,ScHoolboy Q,X,5IcR3N7QB1j6KBL8eImZ8m,76,3833769,9500000
/artists/4056236-schneeweiss-und-rosenrot,Schneeweiss Und Rosenrot,Schneeweiss und Rosenrot,,7pJbCMRXVeQDz2v9x4G9wH,1,193,78
/artists/1259194-schneeweiss-and-rosenrot,Schneeweiss & Rosenrot,Schneeweiss und Rosenrot,,7pJbCMRXVeQDz2v9x4G9wH,1,193,78
/artists/9956349-schnitt,SCHNITT,Schnittmann MC,X,0G1QLtiDM8kM0MgNyRMuVO,5,176,511
/artists/9874394-schnittmann-mc,Schnittmann MC,Schnittmann MC,,0G1QLtiDM8kM0MgNyRMuVO,5,176,511
/artists/4281796-scratch-bandits,Scratch Bandits,Scratch Bandits Crew,,0YJxNQtyb8jlldIC1DTkIf,41,27330,125600
/artists/2440086-scratch-bandits-crew,Scratch Bandits Crew,Scratch Bandits Crew,,0YJxNQtyb8jlldIC1DTkIf,41,27330,125600
/artists/7332029-sedlmeier,Sedlmeier,Sedlmeir,,4kVAOPMBFg0ZnoEvf0nW5I,6,653,389
/artists/976-sedlmeir,Sedlmeir,Sedlmeir,,4kVAOPMBFg0ZnoEvf0nW5I,6,653,389
/artists/385527-set,Set,Seth,X,0mZohnzbCiVv54VIEA6Wb7,24,5336,9400
/artists/310360-seth,Seth,Seth,,0mZohnzbCiVv54VIEA6Wb7,24,5336,9400
/artists/4663738-sevdalinka,Sevdalinka,Sevdaliza,X,5MraexJKZDrQYzS98kNwie,53,319264,477000
/artists/5195363-sevdaliza,Sevdaliza,Sevdaliza,,5MraexJKZDrQYzS98kNwie,53,319264,477000
/artists/7503969-seven-ch,Seven ,Seven,,0wLEW2hTee0056iLfFXPyv,30,1540,22400
/artists/359518-seven,Seven,Seven,,0wLEW2hTee0056iLfFXPyv,30,1540,22400
/artists/10133407-sgt-pepper,Sgt. Pepper,Sgt. Pepper,,2R5eJJlugql2sRY2BMzHcK,0,17,35
/artists/94833-sgt-peppers,Sgt. Peppers,Sgt. Pepper,,2R5eJJlugql2sRY2BMzHcK,0,17,35
/artists/8756224-shields-uk,Shields ,Shields,,7axtOAPWPWUITkUpTHL34I,24,12039,15500
/artists/398249-shields,Shields,Shields,,7axtOAPWPWUITkUpTHL34I,24,12039,15500
/artists/175027-shiver,Shiver,Shiver,,7MROzi0mO8LUN78dwABLTF,11,178,34
/artists/1960678-shever,shEver,Shiver,X,7MROzi0mO8LUN78dwABLTF,11,178,33
/artists/8010598-showtec,Showtec,Showtek,,3gk0OYeLFWYupGFRHqLSR7,66,444779,4600000
/artists/600188-showtek,Showtek,Showtek,,3gk0OYeLFWYupGFRHqLSR7,66,444779,4600000
/artists/945894-shuttle,Shuttle,Shuttle,,5QtW5ZhAsPzCUqZYldTWCh,24,2635,15700
/artists/9588589-shuttle-ch,Shuttle ,Shuttle,,5QtW5ZhAsPzCUqZYldTWCh,24,2635,15700
/artists/18489-siamese,Siamese,Siamese,,0Hx4gv3eoiodtu6XYHF1X0,46,26335,219400
/artists/8858124-siamese-dk,Siamese ,Siamese,,0Hx4gv3eoiodtu6XYHF1X0,46,26335,219400
/artists/8306923-sims-ch,Sim's ,Sims,,3REPW9qXSD6VjeAHr0OENv,33,16010,36600
/artists/189357-sims,Sims,Sims,,3REPW9qXSD6VjeAHr0OENv,33,16010,36600
/artists/10080913-swingin-birds,Swingin' Birds,Singing Birds,,41EnYap10lERFyb9cem7Qk,36,532,27200
/artists/9293849-swinging-birds,Swinging Birds,Singing Birds,,41EnYap10lERFyb9cem7Qk,36,532,27200
/artists/388908-sink-or-swim,Sink Or Swim,Sink or Swim,,2iWnfbPP6Vb5QaiAXG7LmD,14,950,3600
/artists/9092869-sink-or-swim-ch,Sink or Swim ,Sink or Swim,,2iWnfbPP6Vb5QaiAXG7LmD,14,950,3600
/artists/9216639-siselabonga,Siselabonga,Siselabonga,,2dPFDlz7iGKSmRuxdEx7GL,4,284,237
/artists/10135735-siselabongo,Siselabongo,Siselabonga,,2dPFDlz7iGKSmRuxdEx7GL,4,284,237
/artists/7543119-six-month-of-sun,Six Month Of Sun,Six Months Of Sun,,6cdHCiX7KAeD4YisbOA1b9,2,240,214
/artists/4499138-six-months-of-sun,Six Months of Sun,Six Months Of Sun,,6cdHCiX7KAeD4YisbOA1b9,2,240,214
/artists/22255-slaves,Slaves,Slaves,,4rMxZovfLSDjEL9eI2pKo7,56,213642,535200
/artists/8229703-slaves-us,Slaves ,Slaves,,4rMxZovfLSDjEL9eI2pKo7,56,213642,535200
/artists/778095-solartones,SOLARTONES,Solarstone,X,1PfOXooPSLQhOTNZGrXM90,48,61410,350000
/artists/292981-solarstone,Solarstone,Solarstone,,1PfOXooPSLQhOTNZGrXM90,48,61410,350000
/artists/9864429-sophie-louise-ch,Sophie Louise ,Sophie Louise,,37XfKm43dju6YCJRGsN4hK,1,293,106
/artists/9371044-sophie-louise,Sophie Louise,Sophie Louise,,37XfKm43dju6YCJRGsN4hK,1,293,106
/artists/9857334-specific-ocean-ch,Specific Ocean ,Specific Ocean,,4aN5TiN7DWLvGf2W9Zvy3d,2,148,175
/artists/8873424-specific-ocean,Specific Ocean,Specific Ocean,,4aN5TiN7DWLvGf2W9Zvy3d,2,148,175
/artists/396198-stars,Stars,Stars,,2EO56JK4txid1Pss9GVbOL,48,174652,360000
/artists/526574-star,Star,Stars,X,2EO56JK4txid1Pss9GVbOL,48,174652,360000
/artists/2605281-stefanie-heinzmann,Stefanie Heinzmann,Stefanie Heinzmann,,0bm9qSmVJmT9CEukIhhZY5,56,127433,1100000
/artists/5132163-stephanie-heinzmann,Stephanie Heinzmann,Stefanie Heinzmann,,0bm9qSmVJmT9CEukIhhZY5,56,127433,1100000
/artists/6778824-stereoluchs,Stereoluchs,Stereo Luchs,,5FK3qokBQYxr7ZLkr8GVFn,42,10542,109300
/artists/6778814-stereo-luchs,Stereo Luchs,Stereo Luchs,,5FK3qokBQYxr7ZLkr8GVFn,42,10542,109300
/artists/263807-steve-earle,Steve Earle,Steve Earle,,2UBTfUoLI07iRqGeUrwhZh,61,220575,2200000
/artists/4590318-steve-earle-and-the-dukes,Steve Earle and the Dukes,Steve Earle,,2UBTfUoLI07iRqGeUrwhZh,61,220575,2200000
/artists/73489-stone-sour,Stone Sour,Stone Sour,,49qiE8dj4JuNdpYGRPdKbF,67,2336013,3800000
/artists/3081681-stonefloor,Stonefloor,Stone Sour,X,49qiE8dj4JuNdpYGRPdKbF,67,2336013,3800000
/artists/425497-stone-et-charden,Stone et Charden,Stone et Charden,,4ndPdP6aVSDCvhsjOHLGjb,23,4239,16800
/artists/456369-stone-and-charden,Stone And Charden,Stone et Charden,,4ndPdP6aVSDCvhsjOHLGjb,23,4239,16800
/artists/5689349-straights,Straights,Straight,,1kS3F9aay4IbrLqV9BfxME,6,29,702
/artists/495351-straight,Straight,Straight,,1kS3F9aay4IbrLqV9BfxME,6,29,702
/artists/604125-stray-from-the-path,Stray from the Path,Stray From The Path,,5tGG1slV9pkcydU5eQSIvm,41,87578,95300
/artists/9829014-stray-from-the-path-usa,Stray From The Path ,Stray From The Path,,5tGG1slV9pkcydU5eQSIvm,41,87578,95300
/artists/124441-summer,Summer,Summer Cem,X,3drqpTL4sQOckmAfF9i1wg,71,1019717,3800000
/artists/604158-summer-cem,Summer Cem,Summer Cem,,3drqpTL4sQOckmAfF9i1wg,71,1019717,3800000
/artists/2479036-sunnery-james-and-ryan-marciano,Sunnery James & Ryan Marciano,Sunnery James & Ryan Marciano,,7kABWMhjA5GIl9PBEasBPt,57,57836,1500000
/artists/4073436-sunnery-james,Sunnery James,Sunnery James & Ryan Marciano,,7kABWMhjA5GIl9PBEasBPt,57,57836,1500000
/artists/10076129-sons,SONS,Sunset Sons,X,6yY9g2nwqyduN2RpxRHWdy,37,68926,65800
/artists/7171274-sunset-sons,Sunset Sons,Sunset Sons,,6yY9g2nwqyduN2RpxRHWdy,37,68926,65800
/artists/2673421-sweet-soul-music-revue,Sweet Soul Music Revue,Sweet Soul Music Revue,,2nm2JpoEHlZ4rCr9cmLlxa,3,205,200
/artists/83675-sweet-soul-music,Sweet Soul Music,Sweet Soul Music Revue,,2nm2JpoEHlZ4rCr9cmLlxa,3,205,200
/artists/6249664-die-andern,Die Andern,Swiss & Die Andern,,3d8f0YBZivistZ4Ohauncb,55,63793,440900
/artists/9337319-swiss-und-die-andern,SWISS UND DIE ANDERN,Swiss & Die Andern,,3d8f0YBZivistZ4Ohauncb,55,63793,440900
/artists/7984283-syk,syk,Syke,X,6kXRDOhy73hpUJuIzLLwvm,46,62,1900
/artists/10092924-synkie,Synkie,Syke,X,6kXRDOhy73hpUJuIzLLwvm,46,62,13
/artists/8515943-tbc-ch,TBC! ,TBC,,5kn7ebdQUyQ8vCNO3rpKap,9,199,1200
/artists/212926-tbc,TBC,TBC,,5kn7ebdQUyQ8vCNO3rpKap,9,199,1200
/artists/143530-tc,TC,TC,,6b1Reb7bhjdXtkR7wUYW61,40,30033,157100
/artists/8990744-tc-dnb,TC ,TC,,6b1Reb7bhjdXtkR7wUYW61,40,30033,157100
/artists/130964-tabula-rasa,Tabula Rasa,Tabula Rasa,,53boVWQ5kPn9yEW4gMGcgU,6,24,64
/artists/10168675-tabula-rasa-il,Tabula Rasa ,Tabula Rasa,,53boVWQ5kPn9yEW4gMGcgU,6,24,64
/artists/9726384-tabula-rasa-psy,Tabula Rasa ,Tabula Rasa,,53boVWQ5kPn9yEW4gMGcgU,6,24,64
/artists/30001-take,Take,Take 6,X,31zQEL3ARiYe63jn3jtM18,40,45138,70700
/artists/313702-take-6,Take 6,Take 6,,31zQEL3ARiYe63jn3jtM18,40,45138,70700
/artists/5956384-talos,Talos,Talos,,5pdzKTGQAcRcxDOfN4mXSc,45,67053,250000
/artists/96465-tal,Tal,Talos,X,5pdzKTGQAcRcxDOfN4mXSc,45,67053,250000
/artists/234081-dj-taucher,Dj Taucher,Taucher,,0LTOhhlPSPjhOamlAhbYfa,38,5746,50700
/artists/560021-taucher,Taucher,Taucher,,0LTOhhlPSPjhOamlAhbYfa,38,5746,50700
/artists/7950918-telekinesis-si,Telekinesis ,Telekinesis,,3faZppLa0MVUYBlyp7zDAo,36,36708,83500
/artists/1497718-telekinesis,Telekinesis,Telekinesis,,3faZppLa0MVUYBlyp7zDAo,36,36708,83500
/artists/7866504-telepathy-uk,Telepathy ,Telepathy,,7tgHFZQScvUy74xbYvKp3q,14,3199,4300
/artists/596108-telepathy,Telepathy,Telepathy,,7tgHFZQScvUy74xbYvKp3q,14,3199,4300
/artists/5390278-tensake,Tensake,Tensnake,,75nC6MXUalYZSOd7OfNkwq,56,73818,1300000
/artists/951289-tensnake,Tensnake,Tensnake,,75nC6MXUalYZSOd7OfNkwq,56,73818,1300000
/artists/387759-antlers,The Antlers,The Antlers,,5o8Wylae9k23IEJMIiwd8s,47,184193,287300
/artists/8133438-antlers-us,THE ANTLERS ,The Antlers,,5o8Wylae9k23IEJMIiwd8s,47,184193,287300
/artists/10166038-bad-egg-ch,The Bad Egg ,The Bad Egg,,3EcRsTN6TVGZUdoH6XYhji,18,325,9000
/artists/9706179-bad-ch,The Bad ,The Bad Egg,X,3EcRsTN6TVGZUdoH6XYhji,18,325,9000
/artists/196418-beatnuts,The Beatnuts,The Beatnuts,,5ynvmGwc83ZoRx2EIWHXLX,48,122651,473500
/artists/9904579-beatnuts-us,The Beatnuts ,The Beatnuts,,5ynvmGwc83ZoRx2EIWHXLX,48,122651,473500
/artists/8345188-bronze-medal-uk,The Bronze Medal ,The Bronze Medal,,5EhykAvcXYSuzEqvY9D6E4,19,2951,7700
/artists/3764776-bronze-medal,Bronze Medal,The Bronze Medal,,5EhykAvcXYSuzEqvY9D6E4,19,2951,7700
/artists/7875669-burden-remains-ch,THE BURDEN REMAINS ,The Burden Remains,,30uFO9w3DNyp15CbAEiyGX,0,208,51
/artists/4488613-burden-remains,The Burden Remains,The Burden Remains,,30uFO9w3DNyp15CbAEiyGX,0,208,51
/artists/1850222-calling-sirens,the calling sirens,The Calling Sirens,,1ORY7bHVmnSxZ82DWV6So9,1,77,26
/artists/7958443-and-the-calling-sirens,& The Calling Sirens,The Calling Sirens,,1ORY7bHVmnSxZ82DWV6So9,1,77,28
/artists/1066259-deepend,The deepEnd,The Deep End,,47nzBoCnSaRv6m1W1gr4tq,16,303,2300
/artists/43103-deep-end,The Deep End,The Deep End,,47nzBoCnSaRv6m1W1gr4tq,16,303,2300
/artists/250131-drum,The Drum,The Drums,,0p5axeJsbtTCXBrRVoKjwu,65,603467,3200000
/artists/162568-drums,The Drums,The Drums,,0p5axeJsbtTCXBrRVoKjwu,65,603467,3200000
/artists/5911739-electro-swing-circus,Electro Swing Circus,The Electric Swing Circus,,3MUnAJMKx97SfTZYNB2iXY,43,47903,159500
/artists/4745058-electric-swing-circus,The Electric Swing Circus,The Electric Swing Circus,,3MUnAJMKx97SfTZYNB2iXY,43,47903,159500
/artists/8532599-fags-ch,The Fags ,The Fags,,4hefWlD3gTT9phtySVT66b,4,204,323
/artists/142801-fags,The Fags,The Fags,,4hefWlD3gTT9phtySVT66b,4,204,323
/artists/60252-great-crusades,The Great Crusades,The Great Crusades,,3QIQWvg5p7tsASJucxN2qD,3,303,273
/artists/5931029-great-crusades-usa,The Great Crusades ,The Great Crusades,,3QIQWvg5p7tsASJucxN2qD,3,303,273
/artists/4006286-belp,The Belp,The Help,X,1oPXnpMoiGmM8TsIqeg4Xy,0,11,1
/artists/110593-help,the Help,The Help,,1oPXnpMoiGmM8TsIqeg4Xy,0,11,1
/artists/3567826-hi-voltage-band,Hi Voltage Band,The High Voltage Band,,5YjPczMxrfo28Mwrxo1pJy,0,101,3
/artists/5481953-high-voltage-band,High Voltage Band,The High Voltage Band,,5YjPczMxrfo28Mwrxo1pJy,0,101,3
/artists/466130-movement,The Movement,The Movement,,1qwdTaVUdjYJLLoxtFmsqr,57,81613,789700
/artists/8289748-movement-dk,The Movement ,The Movement,,1qwdTaVUdjYJLLoxtFmsqr,57,81613,789700
/artists/6168274-phat-crew-ch,The Phat Crew ,The Phat Crew,,0EDZQUa9meVsHIOGMAdFqj,1,92,192
/artists/5304453-phat-crew,The Phat Crew,The Phat Crew,,0EDZQUa9meVsHIOGMAdFqj,1,92,192
/artists/192331-pint,The Pint,The Pints,X,1hAbdez73YAvALhBLoRTED,19,33,19
/artists/8398863-pint-ch,The Pint ,The Pints,X,1hAbdez73YAvALhBLoRTED,19,33,19
/artists/1089963-rhythm-junks,The Rhythm Junks,The Rhythm Junks,,4621ABVlnIQDv9KcS6KNRz,5,591,716
/artists/4877118-rythm-junks,The Rythm Junks,The Rhythm Junks,,4621ABVlnIQDv9KcS6KNRz,5,591,716
/artists/10074315-sad-pumpkins,The Sad Pumpkins,The Sad Pumpkins,,0cyjY6fm17LXX8K2pGIsu0,0,27,14
/artists/10135259-sad-pumpkin,The Sad Pumpkin,The Sad Pumpkins,,0cyjY6fm17LXX8K2pGIsu0,0,27,14
/artists/465363-script,The Script,The Script,,3AQRLZ9PuTAozP28Skbq8V,75,6839146,13900000
/artists/8729864-scriptor,The Scriptor,The Script,X,3AQRLZ9PuTAozP28Skbq8V,75,6839146,13900000
/artists/62227-sonics,The Sonics,The Sonics,,2g3PKH7Z1Ofn5oGR6oDjLy,46,103848,406300
/artists/9281279-sonics-us,The Sonics ,The Sonics,,2g3PKH7Z1Ofn5oGR6oDjLy,46,103848,406300
/artists/2595896-iggy-and-the-stooges,Iggy & the Stooges,The Stooges,,4BFMTELQyWJU1SwqcXMBm3,55,477847,1100000
/artists/218428-stooges,The Stooges,The Stooges,,4BFMTELQyWJU1SwqcXMBm3,55,477847,1100000
/artists/5434053-tarantino-experience,The Tarantino Experience,The Tarantino Experience,,3mRInWVq7iwEyr5DbEns2r,0,66,19
/artists/542791-tarantinos,The Tarantinos,The Tarantino Experience,X,3mRInWVq7iwEyr5DbEns2r,0,66,19
/artists/6562343-oscillator-temple,Oscillator Temple,The Temple of Oscillators,,6pT0RVqYAW871ZEI3OVKd2,0,2,3
/artists/7875794-oscillator-temple-ch,OSCILLATOR TEMPLE ,The Temple of Oscillators,,6pT0RVqYAW871ZEI3OVKd2,0,2,3
/artists/8321863-tips-d,The TiPS ,The Tips,,52a3EwBP5jH37BUd1GeXBT,9,1737,883
/artists/8321868-tips-ger,The TiPS ,The Tips,,52a3EwBP5jH37BUd1GeXBT,9,1737,883
/artists/6677394-throes-and-the-shine,THROES AND THE SHINE,Throes + The Shine,,25z4NCDwHppxyMeHxDWEVV,11,3477,2300
/artists/6030199-throes-the-shine,Throes + The Shine,Throes + The Shine,,25z4NCDwHppxyMeHxDWEVV,11,3477,2300
/artists/7579674-tilman-klamauk,Tilman ,Tilman,,7aFxKbiPGJHNrcrGuKW5X9,30,3213,43900
/artists/711352-tilman,Tilman,Tilman,,7aFxKbiPGJHNrcrGuKW5X9,30,3213,43900
/artists/9295709-turn-ch,TURN ,Tina Turner,X,1zuJe6b1roixEKMOtyrEak,71,2619013,9900000
/artists/353621-tina-turner,Tina Turner,Tina Turner,,1zuJe6b1roixEKMOtyrEak,71,2619013,9900000
/artists/245482-tingvall-trio,Tingvall Trio,Tingvall Trio,,65mwyp96M7Yx78x8XVz39M,40,19043,183800
/artists/2823836-tingvall,Tingvall,Tingvall Trio,,65mwyp96M7Yx78x8XVz39M,40,19043,183800
/artists/9204849-tobias-carshey,Tobias Carshey,Tobias Carshey,,1fmlzagVqokRcqqNrdueqo,23,2082,18400
/artists/8962304-tobi-carshey,Tobi Carshey,Tobias Carshey,,1fmlzagVqokRcqqNrdueqo,23,2082,18400
/artists/10096156-tommy-romero,Tommy Romero,Tommy Romero,,4BbZrelin3Il9x3nYkxZbu,4,27,75
/artists/10147968-tommy-romero-ch,Tommy Romero ,Tommy Romero,,4BbZrelin3Il9x3nYkxZbu,4,27,75
/artists/10158885-tors-ch,TÖRS ,Tory Lanez,X,2jku7tDXc6XoB6MO2hFuqg,81,3900473,16200000
/artists/4121471-tory-lanez,Tory Lanez,Tory Lanez,,2jku7tDXc6XoB6MO2hFuqg,81,3900473,16200000
/artists/7913519-kazanchis,Kazanchis,Trio Kazanchis,,3ZRMyPCbquSnZYYZDkDGNc,0,34,8
/artists/3744151-trio-kazanchis,Trio Kazanchis,Trio Kazanchis,,3ZRMyPCbquSnZYYZDkDGNc,0,34,7
/artists/10117631-tristan-uk,Tristan ,Tristan,,4dksllH87LsrZgin0ee2uc,37,44342,88200
/artists/397369-tristan,Tristan,Tristan,,4dksllH87LsrZgin0ee2uc,37,44342,88200
/artists/931579-troy-pierce,Troy Pierce,Troy Pierce,,3rwgMHVscSaKusde5DZ4an,9,8077,1800
/artists/8046758-troy-pierce-us,TROY PIERCE ,Troy Pierce,,3rwgMHVscSaKusde5DZ4an,9,8077,1800
/artists/939157-tusks,Tusks,Tusks,,2JexLbBGkh1FnSWF1uoehP,36,20417,85000
/artists/8254553-tusks-uk,Tusks ,Tusks,,2JexLbBGkh1FnSWF1uoehP,36,20417,85000
/artists/1110506-tweek,Tweek,Tweek,,4yCXV1s73MbtSx3e0nAfpN,0,23,13
/artists/9166249-tweek-ch,Tweek ,Tweek,,4yCXV1s73MbtSx3e0nAfpN,0,23,13
/artists/13266-twister,Twister,Twister,,0rgjTxgTv3INtinidgoKk9,19,2983,9200
/artists/662783-tttwister,T.T.Twister,Twister,,0rgjTxgTv3INtinidgoKk9,19,2983,9200
/artists/3118161-tyevk,Tyevk,Tyvek,,7azK2z2ta4tYMqDmrSOBBe,11,4805,1900
/artists/280645-tyvek,Tyvek,Tyvek,,7azK2z2ta4tYMqDmrSOBBe,11,4805,1900
/artists/6472689-ultra-zook,Ultra Zook,Ultra Zook,,2npVhanBXxf4u0Z5Ppe7H7,3,403,159
/artists/7398424-ultra-zouk,Ultra Zouk,Ultra Zook,,2npVhanBXxf4u0Z5Ppe7H7,3,403,159
/artists/8436438-uns-fr,Uns ,Unsane,X,2C3gpQ0UMPjrOQ4FYdylRS,29,22932,27800
/artists/47002-unsane,Unsane,Unsane,,2C3gpQ0UMPjrOQ4FYdylRS,29,22932,27800
/artists/2660386-us4,Us4,Us3,X,4LtIfuFeAamus9OOItuWDD,48,57450,391300
/artists/212694-us3,Us3,Us3,,4LtIfuFeAamus9OOItuWDD,48,57450,391300
/artists/8755459-use-fr,Usé ,Use Me,X,3Hoiyy4b4zd4WQWKRbHCJX,1,267,190
/artists/9070664-use-us,Use ,Use Me,X,3Hoiyy4b4zd4WQWKRbHCJX,1,267,190
/artists/8984079-vanum,VANUM,Van Morrison,X,44NX2ffIYHr6D4n7RaZF7A,73,2214081,9900000
/artists/156780-van-morrison,Van Morrison,Van Morrison,,44NX2ffIYHr6D4n7RaZF7A,73,2214081,9900000
/artists/7131009-peirani,Peirani,Vincent Peirani,,2aMYfhweGlfp6qj9r6OGUO,39,10814,59200
/artists/1166852-vincent-peirani,Vincent Peirani,Vincent Peirani,,2aMYfhweGlfp6qj9r6OGUO,39,10814,58900
/artists/3039971-voice-of-ruin,Voice of Ruin,Voices of Ruin,,2NsvuhddC8jATkPHrCN9le,5,1181,372
/artists/3505631-voices-of-ruin,Voices of Ruin,Voices of Ruin,,2NsvuhddC8jATkPHrCN9le,5,1181,372
/artists/9749499-wankel-mut,Wankel mut,Wankelmut,,01e2lCvLZ4fLUIRy68nptH,60,105717,2500000
/artists/5852839-wankelmut,Wankelmut,Wankelmut,,01e2lCvLZ4fLUIRy68nptH,60,105717,2500000
/artists/1959452-wehbba,Wehbba,Wehbba,,2UzAShzs3DO53bSZqvf8Ri,36,34037,95900
/artists/10100879-wueh,Wueh!,Wehbba,X,2UzAShzs3DO53bSZqvf8Ri,36,34037,95900
/artists/2129011-marius-mullerwesternhagen,Marius Müller-Westernhagen,Westernhagen,,6El2bDJ8PlTKVYyEPWxfAS,53,219920,620200
/artists/4075931-westernhagen,Westernhagen,Westernhagen,,6El2bDJ8PlTKVYyEPWxfAS,53,219920,617300
/artists/9092864-whiteout-ch,Whiteout ,Whiteout,,35wRsBUrfQziBPzvJTr9bt,42,1416,274900
/artists/8680104-whitecut,Whitecut,Whiteout,X,35wRsBUrfQziBPzvJTr9bt,42,1416,274900
/artists/1211901-widdershins,WIDDERSHINS,Widdershins,,7jKmv1b6QbyzQQ6ifgLtb6,0,108,48
/artists/5015803-widder-shins,Widder Shins,Widdershins,,7jKmv1b6QbyzQQ6ifgLtb6,0,108,48
/artists/4580058-trashbones,The Trashbones,Wild Evel And The Trashbones,,4plZQGkm1yC5mEX9cC2b9k,4,627,298
/artists/4580053-wild-evel,Wild Evel,Wild Evel And The Trashbones,,4plZQGkm1yC5mEX9cC2b9k,4,627,303
/artists/5067973-wild-evel-and-the-trashbones,Wild Evel & the Trashbones,Wild Evel And The Trashbones,,4plZQGkm1yC5mEX9cC2b9k,4,627,303
/artists/2384465-willie-evans,Willie Evans,Willie Evans Jr.,,7mgw6EDrsQ0VzXFhWaDqsb,8,676,269
/artists/775326-willie-evans-jr,Willie Evans Jr,Willie Evans Jr.,,7mgw6EDrsQ0VzXFhWaDqsb,8,676,269
/artists/545172-wolves,Wolves,Wolves,,5vF8F6ItVnaHxwBnnYqrmA,22,5,2900
/artists/7462934-wolve,Wolve,Wolves,X,5vF8F6ItVnaHxwBnnYqrmA,22,5,2900
/artists/2811876-sandra-kreisler-und-roger-stein,Sandra Kreisler Und Roger Stein,Wortfront - Sandra Kreisler & Roger Stein,,0kg6C2VfXEf9XI22yH4kO5,0,80,54
/artists/10111773-sandra-kreisler-and-roger-stein,Sandra Kreisler & Roger Stein,Wortfront - Sandra Kreisler & Roger Stein,,0kg6C2VfXEf9XI22yH4kO5,0,80,54
/artists/481321-wurzel5,Wurzel5,Wurzel 5,,735iLNwRvdc39OXIbF9W4K,32,11571,28500
/artists/249673-wurzel-5,Wurzel 5,Wurzel 5,,735iLNwRvdc39OXIbF9W4K,32,11571,28500
/artists/2723306-you-say-france,You Say France,You Say France and I Whistle,,2BC1SoblQ8QYsVrKclR2Ya,4,413,443
/artists/1896825-you-say-france-and-i-whistle,You Say France & I Whistle,You Say France and I Whistle,,2BC1SoblQ8QYsVrKclR2Ya,4,413,443
/artists/9558819-youngblood-brass-band-us,Youngblood Brass Band ,Youngblood Brass Band,,5QJZUg9ngYII5FkgAGFgW7,37,52608,57500
/artists/248938-youngblood-brass-band,Youngblood Brass Band,Youngblood Brass Band,,5QJZUg9ngYII5FkgAGFgW7,37,52608,57500
/artists/9089524-zayk,ZAYK,ZAYK,,0gEDyo7vNBgnohBJSldP7Z,0,0,1
/artists/8046858-zayk-ch,ZAYK ,ZAYK,,0gEDyo7vNBgnohBJSldP7Z,0,0,1
/artists/659617-zaz,Zaz,Zaz,,1mbgj8ERPs8lWi7t5cYrdy,65,1195585,2100000
/artists/531180-za,Za!,Zaz,X,1mbgj8ERPs8lWi7t5cYrdy,65,1195585,2100000
/artists/25827-zippo,Zippo,Zippo,,7Int2nVSzSBL8UDty3jGAR,23,1363,1300
/artists/7284179-zippo-italy,Zippo ,Zippo,,7Int2nVSzSBL8UDty3jGAR,23,1363,1300
/artists/1095043-zombiezombie,Zombie-Zombie,Zombie Zombie,,0HVcyKnveIOLkJdAGsE1pk,25,10524,19400
/artists/590994-zombie-zombie,Zombie Zombie,Zombie Zombie,,0HVcyKnveIOLkJdAGsE1pk,25,10524,19400
