artist_id,match_error,artist_name,spotify_name,spotify_id,spotify_similarity,spotify_popularity,spotify_followers,spotify_listeners,spotify_genre_1,spotify_genre_2,spotify_genre_3,spotify_genre_4,spotify_genre_5,spotify_genre_6,spotify_genre_7,spotify_genre_8,spotify_genre_9,spotify_genre_10,spotify_genre_11,spotify_genre_12,spotify_genre_13,spotify_genre_14,spotify_genre_15,spotify_genre_16,spotify_genre_17,spotify_genre_18,linked_artist_id
/artists/3973706-giannes-kharoules,,Γιάννης Χαρούλης,Giannis Haroulis,5cRPbjGpHYjeiBXfjNWOws,0.06,43,62341,68900,entehno,greek pop,,,,,,,,,,,,,,,,,
/artists/3033996-nochnyie-snaipiery,X,Ночные Снайперы,Diana Arbenina,3agWPIiWtN5ARZj1iMz5gk,0.07,45,137715,28900,,,,,,,,,,,,,,,,,,,/artists/7442334-diana-arbenina
/artists/10164684-eric-flores-aa,X,ÉRIC Flores AA,"Joe Rotondi, Danilo Lozano, Arturo Velasco, Dan Fornero, Ramon Flores, Francisco Torres, Andy Suzuki, Eric Jorgenson, Phil Moore, Aaron Serfaty, Roberto Fernandez",2k10r80WdyttmKfjW8fh2I,0.15,0,0,2,,,,,,,,,,,,,,,,,,,
/artists/8659244-jeff-lynnes-elo,,Jeff Lynne's ELO,Electric Light Orchestra,7jefIIksOi1EazgRTfW2Pk,0.15,75,2984849,10500000,album rock,art rock,beatlesque,classic rock,glam rock,mellow gold,rock,soft rock,symphonic rock,,,,,,,,,,
/artists/8022443-colin-morton-group,X,Colin Morton Group,"Choir of King's College, Cambridge",0f3PsS9IQ6whvNMFFKnpjl,0.19,57,57918,1000000,british choir,cambridge choir,choral,,,,,,,,,,,,,,,,
/artists/8406028-keep-talking,X,Keep Talking,Digga D,57n1OF36WvtOeATY6WQ6iw,0.21,73,357224,3500000,aussie drill,london rap,,,,,,,,,,,,,,,,,
/artists/83793-le-mystere-des-voix-bulgares,X,Le mystère des voix bulgares,Bulgarian State Television Female Choir,5j3PVTaVrMlssk4IC0kumd,0.21,32,12546,24600,bulgarian folk,polyphony,women's choir,,,,,,,,,,,,,,,,
/artists/8843369-maha-bk,X,maha bk,Srila Bk. Atulananda A. Maharaj,1pB8rKURhSz7igOapPuox0,0.21,1,24,23,,,,,,,,,,,,,,,,,,,
/artists/429888-rompeprop,X,Rompeprop,Cerebral Incubation,2gpu0EtvWqIdVLzZwR0XAA,0.21,23,13267,5800,brutal death metal,goregrind,pornogrind,slam death metal,,,,,,,,,,,,,,,
/artists/540806-make-up-your-mind,X,Make Up Your Mind,Tatyana Ali,4ZYkqq2f8wA9vkV4iQIo4C,0.21,36,27662,78400,hip pop,,,,,,,,,,,,,,,,,,
/artists/2355837-orquesta-buena-vista-social-club,X,Orquesta Buena Vista Social Club,"Nik Phillips, Matraville Soldiers’ Settlement School, Cape Byron Rudolf Steiner School, Newton Faulkner, Orquesta Buena Vista Social Club®, Herb Armstrong, Katie Noonan, Tim Freedman, Natalie Pa'apa'a (Blue King Brown), Omara Portuondo, Don Spencer & Angie Whiteley",1hS2yXx0nJMFPdYoAMcEqX,0.22,0,125,45,,,,,,,,,,,,,,,,,,,
/artists/8438678-gumulf,X,Gumulf,Başak Gümülcinelioğlu,2t63DLmOGdPDk8AiF8qPPN,0.22,41,13392,87200,,,,,,,,,,,,,,,,,,,
/artists/4929488-helen-fitzgerald,X,Helen Fitzgerald,Helen Scollard and Southern Pride and Sean Hickey and Mike Fitzgerald and Tony Flaherty and Patrick O'Connor and Rodger O'Sullivan,5V1ne7hKFLxNuJQ7sO8Wig,0.22,0,11,13,,,,,,,,,,,,,,,,,,,
/artists/4132186-mit-fool,X,Mit F.o.o.l,Ian Bostridge,0QVlaFCrge4YWt0yftF8FE,0.25,39,10631,58700,art song,classical performance,classical tenor,opera,,,,,,,,,,,,,,,/artists/376276-ian-bostridge
/artists/511523-match,X,M.a.t.c.h.,Maria Callas,0bjdfjE8XbLa2Odstu6E1E,0.27,54,240959,512799,classical soprano,opera,,,,,,,,,,,,,,,,,/artists/9654049-maria-callas
/artists/9970264-backnblack,X,BACK:N:BLACK,Cold Blue featuring Big Syke. Background: Don Black and John Bac,3TKoJhQN4J19PPBOTVcyiA,0.29,0,3,957300,,,,,,,,,,,,,,,,,,,
/artists/10098850-syvaan,X,SYVÄÄN,Musiikki Nukkua Syvään Ja Rentoutua,2x3zxnXlYCmLwaMEpXY7mu,0.29,15,46,436,,,,,,,,,,,,,,,,,,,
/artists/3684861-chk-chk-chk,,!!! (Chk Chk Chk),!!!,1mmehjf7eHA10uHMisZGJg,0.3,47,135100,305800,alternative dance,dance rock,dance-punk,electroclash,electronica,new rave,sacramento indie,,,,,,,,,,,,
/artists/3951866-riot-school,X,Riot School,School Riot v EL SAM & EL SAM,0Rm8NFzbgyOlWFPK6Vqi0C,0.3,0,0,161,,,,,,,,,,,,,,,,,,,
/artists/4812728-vj-zero,X,Vj Zero,VJS2.0,0Bx6M7mhzUwcNQsI5rrpDb,0.31,0,2,1,,,,,,,,,,,,,,,,,,,
/artists/9762304-mon-glace,X,Mon Glacé,Sorcier des Glaces / Monarque,7mKYAjo4GTJrtCPHMhnwML,0.32,0,59,230,,,,,,,,,,,,,,,,,,,
/artists/7717889-grand-piano-solo,X,Grand Piano Solo,Doug Montgomery,1ng2TUBQyhemZLHnFjypAk,0.32,34,1070,36500,classify,,,,,,,,,,,,,,,,,,
/artists/7038144-nici-faerber,X,Nici Faerber,Riccardo Muti,7silW8RiEOoLBgAg5JBCL1,0.32,58,29643,749800,classical performance,opera,orchestral performance,,,,,,,,,,,,,,,,/artists/432665-riccardo-muti
/artists/896808-godson,X,G-O-D-$-O-N,Joyce DiDonato,6uFDUz42zInHQ1T2JFqNrE,0.32,36,17942,52700,classical mezzo-soprano,classical performance,opera,,,,,,,,,,,,,,,,
/artists/7851119-box-n-roll,X,Box N Roll,Rock N Roll Baby Box Vol I/Bernard Cade,13k9yebbiqUgKU6dMp9jyK,0.33,0,41,10,,,,,,,,,,,,,,,,,,,
/artists/8146508-okwess-international,X,Okwess International,Jupiter & Okwess,2tujJgEWPfR8gdqVw183dT,0.33,25,10770,14200,afro-funk,,,,,,,,,,,,,,,,,,/artists/8146508-okwess-international
/artists/7360384-feine-musik,X,Feine Musik,TourBus-Wir bringen Musik an deine Schule!,1WDftDYt1OT78rKGkqAF6f,0.34,0,1,1,,,,,,,,,,,,,,,,,,,
/artists/5778424-technicolor-orchestra,X,The Technicolor Orchestra,"Orlando Pops Orchestra & Singers (From ""Joseph and the Amazing Technicolor Dreamcoat "")",7wr9OHkoH5HDlDyFF0CTS2,0.34,0,3,2600,,,,,,,,,,,,,,,,,,,
/artists/497811-femil,X,Fe-m@il,Mr Ferdy Il Guru,4MWwlTyCOdHBsqp0LbMA7c,0.35,0,3,2,,,,,,,,,,,,,,,,,,,
/artists/7653554-grilla-sound,X,G-Rilla Sound,"릴라사운즈, Slo.G, e.da, DANY RILLA SOUNDS, Slo.G, e.da, DANY",2QEC7wmlntlj69iiqP5Z06,0.35,0,0,52700,,,,,,,,,,,,,,,,,,,
/artists/1285966-well,X,....WËLL....,WELL$,0LHzh8WdqxdtnTzp0XIOyZ,0.35,39,8468,143900,north carolina hip hop,underground hip hop,,,,,,,,,,,,,,,,,
/artists/4177916-his-wedding,X,His Wedding,Goran Bregovic And His Wedding And Funeral Orchestra,05wwAPl4O8BOnhQsT4C9jC,0.35,32,849,11400,balkan beats,,,,,,,,,,,,,,,,,,
/artists/8252958-horaband,X,HORA'BAND,Banda da Hora,17JQkTAWwzw3sCJ4Aj38x8,0.36,7,100,1400,,,,,,,,,,,,,,,,,,,
/artists/8050868-kill-the-director,X,Kill The Director,The Wombats,0Ya43ZKWHTKkAbkoJJkwIB,0.36,71,935033,5100000,liverpool indie,modern rock,rock,,,,,,,,,,,,,,,,/artists/470480-wombats
/artists/462385-once,X,O.N.C.E.,Monica Huggett,4E2Rqf4KfXgR2aVt8FvIkh,0.36,43,2669,45100,baroque violin,classical performance,historically informed performance,violin,,,,,,,,,,,,,,,
/artists/9566359-deux-sept-quatre,X,Deux Sept Quatre,Dummy Artist,7As90lAtDQCviUfoBlQNeM,0.36,0,2,45900,,,,,,,,,,,,,,,,,,,
/artists/501309-gw-mclennan,X,G.w. Mclennan,Western Australia Police Pipe Band and G.S. McLennan,43LYoGXv4DnfOhMRdbKjTo,0.37,0,1,16,,,,,,,,,,,,,,,,,,,
/artists/4129801-dj-vok,X,DJ V.o.k,DJ Vigilante feat. A.K.A & K.O,1HRPeLfdpcshLNeoPTHjOV,0.37,7,83,1200,,,,,,,,,,,,,,,,,,,
/artists/5128268-ray-cokes,X,Ray Cokes,Ray Cokes & The Sex gods! feat. Al Agami,0LIJ85GSizECALky0w4zjp,0.37,0,20,11,,,,,,,,,,,,,,,,,,,
/artists/934929-zone33,,ZONE-33::::..:-=.__::.::..:...,Zone-33,6NMUcc55pW1g5NuFyDBvGj,0.38,12,1926,2100,tekno,,,,,,,,,,,,,,,,,,
/artists/4863198-brain-bucket,X,Brain Bucket,BUCKETHEAD AND BRAIN,6khZGp3Cq9nGdWnYUwJGxu,0.38,4,1814,319,,,,,,,,,,,,,,,,,,,
/artists/8355983-tango-pasion,X,Tango Pasiòn,Pasional Tango,29nUSkp3rFz1uP3lSS3EAd,0.38,0,58,15,,,,,,,,,,,,,,,,,,,
/artists/9545829-maki-wiederkehr,X,Maki Wiederkehr,"Trio Rafale with Maki Wiederkehr, Flurin Cuonz & Daniel Meller",2qExRF4nsDWuyXp3YdgQc5,0.39,0,7,3,,,,,,,,,,,,,,,,,,,
/artists/9117964-jugo-urdens,X,Jugo Ürdens,YUGO,05ygKFPjfiChHhQSx5Y9Y2,0.4,39,11908,49500,austrian hip hop,,,,,,,,,,,,,,,,,,
/artists/7643999-colors-record,X,Colors Record,Recordable Colors,6nteI7TdrlzzUIfo2xRNuH,0.4,0,4,2,,,,,,,,,,,,,,,,,,,
/artists/9780769-stallion-us,X,S.t.a.l.l.i.o.n ,"C.A.U.T.I.O.N., Sleep 6, & Lyrique",659LO4Y9LIA196WYHtJseW,0.41,0,0,1,,,,,,,,,,,,,,,,,,,
/artists/3521721-emel-mathlouthi,X,Emel Mathlouthi,Emel,06MtOym27ALcfdtVOsRcaA,0.42,40,35103,83600,arab alternative,arab pop,tunisian pop,,,,,,,,,,,,,,,,
/artists/4402698-brubecks-play-brubeck,X,Brubecks Play Brubeck,Chris Brubeck's Triple Play,4rikIZqYWnEdfk2Ift8wNb,0.42,1,142,115,,,,,,,,,,,,,,,,,,,
/artists/9235979-dan-kook,X,Dan Kook,Kooks Dan'o,534xqbLPKCP1Tt6GzLQu0G,0.42,0,2,3,,,,,,,,,,,,,,,,,,,
/artists/9374319-ghost-inhale,X,Ghost Inhale,Inhale the Ghost,2u1xJFCg44skWC0lHKh84Q,0.43,0,9,2,,,,,,,,,,,,,,,,,,,
/artists/3053546-e-kusturica,X,E. Kusturica,Stribor Kusturica And The Poisoners,46vKifwnADxkrjSG4u89gu,0.43,6,348,402,balkan brass,,,,,,,,,,,,,,,,,,
/artists/2357196-havoc-of-mobb-deep,X,Havoc of Mobb Deep,Havoc,6UnvX7Zx85VNjOpLdaq49W,0.43,45,79209,59100,alternative hip hop,boom bap,hardcore hip hop,,,,,,,,,,,,,,,,
/artists/3354031-rumlaut,X,Rumlaut,Ramlautan Vishwakarma,4HsJ0WLRHbMNkLQ915S2Sb,0.43,0,10,35,,,,,,,,,,,,,,,,,,,
/artists/5691774-red-county,X,The Red County,Red Parham and the Haywood County Ramblers,6PXPFASLFVh054YReGAfHS,0.43,0,7,14,,,,,,,,,,,,,,,,,,,
/artists/371399-let-it-rock,X,Let It Rock,Kevin Rudolf,0Chxmm4XMM87mJOHvyiUzL,0.43,57,125346,1300000,dance pop,pop rap,,,,,,,,,,,,,,,,,
/artists/3622146-captain-teis,X,Captain Teis,This is Your Captain Speaking,1shfsZDKBme5U9Cvmw7MPO,0.44,10,4496,1500,australian post-rock,instrumental post-rock,post-rock,,,,,,,,,,,,,,,,
/artists/284771-alex-dallas,X,Alex Dallas,dallas alexander,4VjgmxSg26L9Xy5Kv6wf6d,0.44,0,15,1,,,,,,,,,,,,,,,,,,,
/artists/10099132-blues-west,X,Blues West,West African Blues Project,6uq1ZIwc9T3HLeRgQ8J22r,0.44,0,59,25,,,,,,,,,,,,,,,,,,,
/artists/9292124-hledani,X,Hledání,Hedningarna,0Y5ldP4uHArYLgHdljfmAu,0.44,37,23079,65000,folkmusik,hurdy-gurdy,medieval folk,nordic folk,rune folk,viking folk,,,,,,,,,,,,,
/artists/8518-nockalm-quintett,X,Nockalm Quintett,Nockis,5zhgr2K8b8Zmp5exDcyM8y,0.45,47,28995,127400,classic schlager,discofox,schlager,volksmusik,,,,,,,,,,,,,,,/artists/10133504-nockis
/artists/3664651-kos-crew,X,K.o.s Crew,Margo's Kool Out Crew,7BJi6zTEI3rEiGlqMxn1zJ,0.45,1,49,99,proto-rap,,,,,,,,,,,,,,,,,,
/artists/6462869-black-willows,X,Black Willows,Willow's Blackbird,6YVRlxkDNYsrzwZDprDqmy,0.45,2,27,67,,,,,,,,,,,,,,,,,,,
/artists/1041649-dj-ipek,X,DJ Ipek,Ipek Ipekcioglu,1um0J8hUc9J7YH240ZXh3p,0.45,35,8463,53600,ethnotronica,turkish electronic,,,,,,,,,,,,,,,,,
/artists/9689424-dogz-ch,X,Dögz CH,Dog Chasing Sun,6ynUQgKOOGIli5xxUnxrcO,0.45,8,727,388,,,,,,,,,,,,,,,,,,,
/artists/9165644-recdesign,X,Rec.Design,G-Design Records,6EvTivVE1b5P5m5LXIb86F,0.46,0,1,57,,,,,,,,,,,,,,,,,,,
/artists/10074308-les-solors,X,Les Solörs,Les Soloists de Bourgogne,1GvTmK4LAkNkqkbfEkbZkC,0.46,2,0,157,,,,,,,,,,,,,,,,,,,
/artists/7578049-cocogalaxy,X,Coco_Galaxy,Galaxy P & Coco,2Zl0w9R6QuFqhxigudDjki,0.46,0,2,4,,,,,,,,,,,,,,,,,,,/artists/7578049-cocogalaxy
/artists/2352229-geoffrey-gurrumul-yunupingu,,Geoffrey Gurrumul Yunupingu,Gurrumul,41U5QueLMyYyJ3Hoe4kKX4,0.46,44,33380,104600,australian indigenous,,,,,,,,,,,,,,,,,,
/artists/6287794-c-l-v,X,C L V,Che Linh,1tTV7NZodR1nsNtMdAz5Qi,0.46,36,62685,25200,vietnamese bolero,vietnamese pop,,,,,,,,,,,,,,,,,
/artists/8590784-r-u-b-s,X,R U B S,r u s s e l b u c k,3Si34xQXMZlrics4njesF2,0.46,20,2105,2400,hyperpop,,,,,,,,,,,,,,,,,,
/artists/5180908-layzie-bone-and-bizzy-bone,,Layzie Bone & Bizzy Bone,Bizzy Bone & Layzie Bone,5LH9yNYgFS5Kbv4m0jhaWY,0.46,9,49360,3600,ohio hip hop,,,,,,,,,,,,,,,,,,
/artists/8177103-tomorrow-is-today,X,Tomorrow Is Today,Today is Tomorrow,0gRMmN2Ucx7gC4i08G03Np,0.47,0,53,7,,,,,,,,,,,,,,,,,,,
/artists/6275489-reserve-man,X,The Reserve Man,Band Of The US Air Force Reserve,46xYEuac3Jlg3W0UD2ptsE,0.47,5,116,596,,,,,,,,,,,,,,,,,,,
/artists/7617294-3-wahl,X,3. Wahl,wahlflow3r,0ROcqGMjuPr7NgtmbpKfSa,0.47,0,5,323,,,,,,,,,,,,,,,,,,,
/artists/4777833-new-album,X,The New Album,The Best Album New Primadona Vol 1,5GoZLoSE25g6ptauz6kh5z,0.47,0,6,585,,,,,,,,,,,,,,,,,,,
/artists/7712614-chaarts,X,Chaarts,CHAARTS Chamber Artists,2YB5i3jJzmimdN0e8BZqkR,0.47,42,86,102600,,,,,,,,,,,,,,,,,,,/artists/9955624-chaarts-chamber-artists
/artists/6562343-oscillator-temple,X,Oscillator Temple,The Temple of Oscillators,6pT0RVqYAW871ZEI3OVKd2,0.48,0,2,2,,,,,,,,,,,,,,,,,,,/artists/6562343-oscillator-temple
/artists/9734009-lucerne-symphony,,Lucerne Symphony,Luzerner Sinfonieorchester,3bp9jWcdIJ7mBk8Z8RrKCD,0.48,26,184,12200,,,,,,,,,,,,,,,,,,,/artists/10098348-luzerner-sinfonieorchester
/artists/10135205-canta-roma,X,Canta Roma,Sandra Cantante la Voz Romántica,2iXwJrFltOQm0QFASOq3A6,0.48,0,3,49900,,,,,,,,,,,,,,,,,,,
/artists/6241329-stars-80,X,Stars 80,80s Pop Stars,6P7Nluz43Chhg9I8nzcTqC,0.48,8,7052,4700,,,,,,,,,,,,,,,,,,,
/artists/5446323-sound-prints,X,Sound Prints,Joe Lovano & Dave Douglas Sound Prints,3JEQNreu0UTiiayxUfE9fd,0.48,12,689,2000,,,,,,,,,,,,,,,,,,,
/artists/5078548-assassin-aka-agent-sasco,,Assassin Aka Agent Sasco,Agent Sasco (Assassin),0CiLVKp7LJTm0c8jdUmQNy,0.48,50,19638,337200,dancehall,french hip hop,riddim,,,,,,,,,,,,,,,,
/artists/2685296-abgesagt,X,Abgesagt,Angela Torres,6LZA6PhNCwUfHzqfpN1nYL,0.48,57,118551,1500000,argentine telepop,latin viral pop,,,,,,,,,,,,,,,,,
/artists/7617214-guldur-guldur,X,Güldür Güldür,Barad Guldur,2ix1gYpC7FS7oq9kNc4wyu,0.48,1,168,59,celtic metal,italian folk metal,,,,,,,,,,,,,,,,,
/artists/8919779-deaddrunk,X,Deaddrunk,Drunken Dead,7GRjoLUT6Gw2JT6WHwoI7e,0.48,1,4,11,,,,,,,,,,,,,,,,,,,
/artists/3336381-orpheline,X,Orpheline,Ophélie Gaillard,2iV0Qpl8GsF2IDqFP9mwpj,0.48,44,3705,243700,classical cello,,,,,,,,,,,,,,,,,,
/artists/6148499-herr-mueller,,Herr Mueller,Herr Müller und seine Gitarre,6Hmil0VV7MeJ8E4rJrDz49,0.49,18,534,6000,kindermusik,,,,,,,,,,,,,,,,,,
/artists/9510114-christy-barry,X,Christy Barry,New Christy Minstrels with Barry McGuire,3rhtzIVwv6jCyYmsBTnffj,0.49,0,0,34,,,,,,,,,,,,,,,,,,,
/artists/4567573-joe-locke-trio,X,Joe Locke Trio,Trio Da Paz & Joe Locke,0XbLg9r6uNvmjsJaFvXqnZ,0.49,2,59,156,,,,,,,,,,,,,,,,,,,
/artists/8980524-midnight-la,X,The Midnight LA,Brett LaGrave and the Midnight Transaction,0uMLU9V7puGP2xTWnPLdo2,0.49,0,6,2,,,,,,,,,,,,,,,,,,,
/artists/10140857-e-i-l-a,X,E Ï L A,c e c e l i e,4QvPq5gns3HmrXPy67CciX,0.5,45,146,417200,,,,,,,,,,,,,,,,,,,
/artists/9376999-biggest-rat,X,Biggest Rat,Her Biggest Hit Recording,7GUMwBDSq3UahFvFDfScLE,0.5,7,5,929100,,,,,,,,,,,,,,,,,,,
/artists/10095473-tibelya,X,Tibelya,Tibetan Bowls,0G5m6OVzOTqmac2C5PIDHs,0.5,37,6611,58200,environmental,meditation,singing bowl,tone,world meditation,,,,,,,,,,,,,,
/artists/10004739-lepee,,L'Épée,L'Epee,4r0FnBMOPmKACPLYhkcBtU,0.5,24,6116,13100,,,,,,,,,,,,,,,,,,,
/artists/9388139-san-keller,X,San Keller,Sibylle Keller-Sanwald,1AnFqYc0gx04Ov7Jvlkxiz,0.5,0,0,32,,,,,,,,,,,,,,,,,,,
/artists/9259744-oshumare,X,Oshumaré,Ochumare Quartet,7nWmis0cDJqsZPodWFsVxz,0.5,0,19,12,,,,,,,,,,,,,,,,,,,/artists/4636813-ochumare-quartet
/artists/4933218-hate-radio,,Hate Radio,Radio Hate,666qgoaNnqSVmR0QpBtBhd,0.5,0,93,19,,,,,,,,,,,,,,,,,,,
/artists/380938-k,X,K,KSI,1nzgtKYFckznkcVMR3Gg4z,0.5,77,2150370,6400000,uk hip hop,,,,,,,,,,,,,,,,,,
/artists/2035661-eskalation,,ÊsKâLâTîÔn,Eskalation,4YMLAgF0Nywp8T1eHupcW4,0.5,10,1589,1300,german ska,,,,,,,,,,,,,,,,,,
/artists/10126981-scoof,X,Sc’ööf,Scoofy,2w6VSyLLFSzJJAhXWEHDPI,0.5,1,4,6,,,,,,,,,,,,,,,,,,,
/artists/7620014-elk-rhino,X,Elk + Rhino,El Reino Infantil,6EMoWayH9WulC8F8b6m3BH,0.5,66,201200,950200,cancion infantil latinoamericana,musica para ninos,,,,,,,,,,,,,,,,,
/artists/589463-mike-stern-band,,Mike Stern Band,DR Big Band & Mike Stern,2y7flOrvR8ahnDx2wwXuyu,0.51,2,276,150,,,,,,,,,,,,,,,,,,,
/artists/8515893-limited-brothers,X,Limited Brothers,The Astral Brothers Limited,7xhYwevSZCQ26zip76fkgs,0.51,0,16,2,,,,,,,,,,,,,,,,,,,
/artists/205866-ariel-pinks-haunted-graffiti,,Ariel Pink's Haunted Graffiti,Ariel Pink,5H0YoDsPDi9fObFmJtTjfN,0.51,56,296237,875000,art pop,chillwave,dream pop,experimental pop,freak folk,indie garage rock,la indie,neo-psychedelic,new weird america,,,,,,,,,,/artists/284114-ariel-pink
/artists/5096183-rank-wonder,X,Rank Wonder,Cutty Ranks (feat. Wayne Wonder),0bleXbir18SYe5ze9YVxzS,0.51,4,35,478,,,,,,,,,,,,,,,,,,,
/artists/7251559-with-sextet,X,with Sextet,Stan Getz with Cal Tjader Sextet,5cgN4lGRQTSPZ80VgwrQz8,0.51,0,42,82,,,,,,,,,,,,,,,,,,,
/artists/2548046-freddy-fischer,,Freddy Fischer,Freddy Fischer & His Cosmic Rocktime Band,5UQlN6PXaroF7JygjTOgfr,0.51,16,1719,1900,,,,,,,,,,,,,,,,,,,/artists/397960-freddy-fischer-and-his-cosmic-rocktime-band
/artists/9655394-road-dust,X,Road Dust,Dusty Road Runners,4q0CpcBKQdLnocwHiGvS4a,0.52,0,6,1,,,,,,,,,,,,,,,,,,,
/artists/1054495-egogrill,X,EGOGRILL,Ego Kill Talent,2FkHoIxJdhomebqlsXKZ3i,0.52,43,38089,136200,brazilian rock,rock alternativo brasileiro,,,,,,,,,,,,,,,,,/artists/8756194-ego-kill-talent
/artists/9198339-mackenzie-ziegler,X,Mackenzie Ziegler,kenzie,5pWUVnrc1y0FpWZ6VCy0Hg,0.52,62,530636,2500000,social media pop,,,,,,,,,,,,,,,,,,
/artists/9695279-woodoism,X,Woodoism,Florian Weiss' Woodoism,2WFtxVwg1ic81bZuOm3Urj,0.52,19,108,8000,,,,,,,,,,,,,,,,,,,/artists/10161432-florian-weiss-woodoism
/artists/8887634-insurgency-sound,X,Insurgency Sound,Sounds Like Insurgency,4mCYlMQFwKPd2fkhXSGGiM,0.53,0,1,28600,,,,,,,,,,,,,,,,,,,
/artists/10073393-fun41,X,Fun41,FUNK150BPM,2HO7mpQSTmwuUu5SSezXUz,0.53,2,289,174,,,,,,,,,,,,,,,,,,,
/artists/3325706-reverend-red,,The Reverend Red,Reverend Red & The Deacon Eds,6RBcaz2TkzAaldW6EBWqMF,0.53,0,27,5,,,,,,,,,,,,,,,,,,,
/artists/3385296-fuck-art,,Fuck Art,"FUCK ART, LET'S DANCE!",3IkL1ld3owCvDr8939dp0t,0.53,28,12334,19700,german indie rock,hamburg indie,,,,,,,,,,,,,,,,,/artists/4491438-fuck-art-lets-dance
/artists/224472-bnabar,X,B�nabar,Nabarun Bose,3sL9zQHr9moOn05l6CtiR8,0.53,2,11,594,,,,,,,,,,,,,,,,,,,
/artists/2347487-kevin-devine-and-the-goddamn-band,,Kevin Devine and The Goddamn Band,Kevin Devine,66ScZxprvrMbCtN4ivA0JX,0.53,47,42918,431800,brooklyn indie,,,,,,,,,,,,,,,,,,/artists/267661-kevin-devine
/artists/7575164-mo-mo-moe,X,MØ Mö Moe,Menny More,4jUZU6B8Q7FJr7lW826tR2,0.53,17,130,121,,,,,,,,,,,,,,,,,,,
/artists/8422598-versus-people,X,Versus People,The People Versus,7xChVh3g4yn9Mipj7MIZ1a,0.53,10,308,741,,,,,,,,,,,,,,,,,,,
/artists/3104371-zerospin,X,Zero-spin,SPINT0,7pQy1c1GGl42Uep59PopDC,0.53,3,2,515,,,,,,,,,,,,,,,,,,,
/artists/9691669-bottle-hymn,X,Bottle Hymn,Battle Hymn Of The Republic,6pC18zNOmhhwEbwnehhBLA,0.53,1,12,78,,,,,,,,,,,,,,,,,,,
/artists/3757576-love-beatles,X,The Love Beatles,Memphis Loves The Beatles Studio Band,1cti53NtX5PZtGATWuQPBv,0.53,0,23,8,,,,,,,,,,,,,,,,,,,
/artists/3956026-cannonsoul,X,Cannonsoul,Patrick Bianco's Cannonsoul,4MZb954NNQ5f7AQ0GWpdLJ,0.54,0,17,6,,,,,,,,,,,,,,,,,,,
/artists/10064442-modusquartett,,Modus-Quartett,Quartetto Modus,6j8DgqT6jmzF4Y3f2AH1NL,0.55,2,10,82,quartetto d'archi,,,,,,,,,,,,,,,,,,
/artists/938332-jacknives,,The Jacknives,Egidio Juke Ingala & The Jacknives,6qCpBuLmgSdUiVc7YulSJF,0.55,0,63,23,,,,,,,,,,,,,,,,,,,
/artists/9055394-woodmade,X,Woodmade,Woodside Wayne,5ZgGn9hPgA2WbmH18ET8ZJ,0.55,36,5,134,,,,,,,,,,,,,,,,,,,
/artists/1855697-voodoo-dick,,Voodoo Dick,Dick Voodoo,3z9U4Ue1TtLGtDjJyMfPYJ,0.55,0,190,84,,,,,,,,,,,,,,,,,,,
/artists/6392204-kartel-klub,,Kartel Klub,Klub Kartel,3J2UGUUsgMtHDuPIJLl1Tw,0.55,0,33,20,,,,,,,,,,,,,,,,,,,
/artists/8734544-season-tree,,Season Tree,Tree Season,0MTkswV5gHsBgQOaRH7F36,0.55,0,265,28,,,,,,,,,,,,,,,,,,,
/artists/3973786-rusty-blues,X,The Rusty Blues,Toledo Bob & The Rusty Zipper Blues Band,7wNqququWAMQnmPj81E6Rn,0.55,0,7,2,,,,,,,,,,,,,,,,,,,
/artists/5281528-alexander-knappe,,Alexander Knappe,Knappe,02jkPxmytH0Jj7qtp1qooI,0.55,47,25295,197000,german pop,,,,,,,,,,,,,,,,,,
/artists/4869288-john-pigeon,,John Pigeon,Pigeon John,3RfeWhoxAqlNRNcywG7RJj,0.55,47,36620,256399,,,,,,,,,,,,,,,,,,,/artists/96251-pigeon-john
/artists/933046-lo-fat-orchestra,X,The Lo Fat Orchestra,Fat Harry White And The Love Limited Orchestra,2CzK5zcmRB6JW5wQluX6ZC,0.55,1,147,56,,,,,,,,,,,,,,,,,,,
/artists/803522-slam-and-howie,X,SLAM & HOWIE,Slam & Howie And The Reserve Men,2TspMZ2bACFzHJ9Eym83cJ,0.55,3,526,214,,,,,,,,,,,,,,,,,,,
/artists/7589169-mad-and-denyo,X,Mad & Denyo,Madisenxoxo,2S2x3n1BXskbkRdEdj5gSB,0.55,37,4702,70500,,,,,,,,,,,,,,,,,,,
/artists/2488971-jp-inc,,JP Inc.,JP Incorporated,4cyWMvrbOUM2AjGyJxYg41,0.55,19,54,33600,,,,,,,,,,,,,,,,,,,
/artists/10102776-50sfive,X,50’s-Five,504 Suave,4fKIt5vWJLCFWMhdOpbQuK,0.56,0,0,19400000,,,,,,,,,,,,,,,,,,,
/artists/9063549-dong-bah,X,Dong Bâh,Don Baxter,1QMGuOMDua3iRsYll0YnHa,0.56,37,12750,4600,romanian rap,,,,,,,,,,,,,,,,,,
/artists/3027401-noze-live,X,Noze Live,None Like Joshua,13rNJ8sWbjGYIUjqtHZvL2,0.56,55,56603,171900,anime rap,otacore,,,,,,,,,,,,,,,,,
/artists/8114828-superlandlerkapelle-carlo-brunner,,Superländlerkapelle Carlo Brunner,Carlo Brunner's Superländlerkapelle,43M8ysPyBVoJxoV4RQWA8k,0.56,14,293,1100,swiss folk,,,,,,,,,,,,,,,,,,/artists/7327314-carlo-brunners-superlandlerkapelle
/artists/9940369-kendy-toms,,Kendy Toms,Kendy Toms & The Red Boots,5jBtkixkM1dU8TopQtEqfE,0.56,3,17,56,,,,,,,,,,,,,,,,,,,
/artists/9503464-harz-ch,X,Härz CH,Harf Cheema,5LCotODBhURh2HRrDINp3A,0.56,38,367912,86400,punjabi pop,,,,,,,,,,,,,,,,,,
/artists/2100152-thee-silver-mt-zion-memorial-orchestra,,Thee Silver Mt. Zion Memorial Orchestra,Silver Mt. Zion,0bRpSBtMd3stO4J6TWclMb,0.56,41,70753,103200,canadian post-rock,post-rock,,,,,,,,,,,,,,,,,
/artists/9356044-ariel-jardin,,Ariel Jardin,Ariel Jardin et Johannes Dullin,3Sx2NsSxH2DC1PP6ps4Wq6,0.56,0,0,4,,,,,,,,,,,,,,,,,,,
/artists/3524016-u32,,Ü32,u-32,5tbaQ5sZjzcZg5bvmb8gS1,0.57,0,0,7,,,,,,,,,,,,,,,,,,,
/artists/9419434-shantidas,X,shantidas,Shania Twain,5e4Dhzv426EvQe3aDb64jL,0.57,74,2361026,8600000,canadian country,canadian pop,country,country dawn,dance pop,,,,,,,,,,,,,,
/artists/9542899-rock-the-opera,X,Rock the Opera,Frankenstein: The Rock Opera,5cP6Vn2kYBz4Ye6icjxumw,0.57,0,91,18,,,,,,,,,,,,,,,,,,,
/artists/9284889-sz-only,X,S/Z only,L6ONLY,3Z1URmEWcYQS8fSNx9r0um,0.57,0,2,2,,,,,,,,,,,,,,,,,,,
/artists/5824309-xcube,,X-cube,Cube-[x],5Kor8kAVYVx9WliqeI1vSU,0.57,0,6,7,,,,,,,,,,,,,,,,,,,
/artists/4347446-playlove,X,Playlove,The Playtones,4UThQDoYdZatw3BH5zZIne,0.57,41,22231,100800,dansband,danspunk,rockabilly,swedish rockabilly,,,,,,,,,,,,,,,
/artists/8050853-familydji,X,Family-Dji,Family Dinner Jazz,01rqTyOOQHDG6prZvPJROw,0.57,0,1,7,,,,,,,,,,,,,,,,,,,
/artists/8873874-sin-logica,X,Sin Logica,Logical Sin,1FsAMCn6xX44FR3f1azyfm,0.57,0,6,23,,,,,,,,,,,,,,,,,,,
/artists/1052180-halbzeit,X,halbzeit,Halbert Stone,2iLk7f4nMNmLZytDO6vaYc,0.57,46,56,275600,,,,,,,,,,,,,,,,,,,
/artists/4847548-matterlive,X,Matterlive,Ueli Schmezers Matterlive,0pmDYMwzmCPGshXQhkuxaP,0.57,1,37,98,chinderlieder,,,,,,,,,,,,,,,,,,
/artists/9395379-old-timer-jazz,X,Old Timer Jazz,The Old Time Jazz Band Di L. Tot,1H7YTijCZxzj7tDuMHdlBY,0.57,6,14,541,,,,,,,,,,,,,,,,,,,
/artists/9496079-toe-for-toe,X,Toe for Toe,10 Toes For Tha-Bankroll,1khKnoYW8RxXZa41cZi6CL,0.57,0,0,197100,,,,,,,,,,,,,,,,,,,
/artists/3167821-elias-araya,X,Elias Araya,Diego Ivan Elias Cruz Araya,56sa09XPQrPSj4d9yQxgZ8,0.58,0,1,1,,,,,,,,,,,,,,,,,,,
/artists/4161446-el-tigre-sound,X,El Tigre Sound,El Tigre de Santajulia Soundsystem,4GxBwVlFL9BpblMLKCxxce,0.58,0,11,6,,,,,,,,,,,,,,,,,,,
/artists/4280286-silence-lost,,Silence Lost,Lost Silence,2l8AkQgr0WvJozvkITOkAu,0.58,2,41,173,,,,,,,,,,,,,,,,,,,
/artists/2364828-poetry-slam,X,Poetry Slam,poetry slam bam thank u mam,0JMMc8Fl3YZaZoJ3R4U9Tn,0.58,0,23,19,,,,,,,,,,,,,,,,,,,
/artists/2355718-dan-michaelson-and-the-coastguards,,Dan Michaelson and The Coastguards,Dan Michaelson,685wnfgdYna4oq6PrJsI6J,0.58,19,2431,4100,,,,,,,,,,,,,,,,,,,
/artists/4458233-mei-zhiyong,,Mei Zhiyong,Mei Zhiyong & Dave Phillips,40Uc8qjFJEE8nn4oQinh6d,0.58,0,16,2,chinese experimental,,,,,,,,,,,,,,,,,,
/artists/4542813-big-pete-band,X,Big Pete Band,Saint Petersburg Big Band,58hRf4qgnIJjteU60L43kE,0.58,1,2,137,,,,,,,,,,,,,,,,,,,
/artists/9210509-kalo-yele,X,Kalo Yele,Kaliteli,3GwuUBI0rKDjyzZcB2IHRK,0.59,26,6,7,,,,,,,,,,,,,,,,,,,
/artists/9772434-xbluesive,,X-bluesive,x-bluesive & the x-horns,4LCNdCi0driw5Dxqcf0O7e,0.59,0,6,7,,,,,,,,,,,,,,,,,,,
/artists/4331501-ubereel,X,Übereel,Übermensch,75rCRvYp14u4zLfTyv8GCu,0.59,39,4419,22500,deutschrock,,,,,,,,,,,,,,,,,,
/artists/2787306-blues-dynamite,X,The Blues Dynamite,The Dynamite Blues Band,4D0cKjiu1haHZCCB70J8Vd,0.59,11,672,1300,dutch blues,,,,,,,,,,,,,,,,,,
/artists/7214464-djs-garcon,X,DJs Garçon,GOON DES GARCONS*,5WyJhpNewRPUahSlrxkOeR,0.59,47,5976,74900,,,,,,,,,,,,,,,,,,,
/artists/2362411-relentless7,,Relentless7,Ben Harper And Relentless7,1rvRbKEVG3blb8mbUlo8xR,0.59,27,32870,16700,,,,,,,,,,,,,,,,,,,/artists/2382827-ben-harper-and-relentless7
/artists/8249813-dodonpa,X,Dodonpa!,Dodobeatz,52dpNnsxLJ9ldbf0cWWbx6,0.59,37,3493,64000,,,,,,,,,,,,,,,,,,,
/artists/4126201-drei-engel,,Drei Engel,Engel 3,2qT0s60vpZQzg5eAnX5KGG,0.59,19,0,550700,,,,,,,,,,,,,,,,,,,
/artists/800575-apache-the-band,X,Apache (The Band),The Fort Apache Band,40DRvF33N4LG2DXTst2vLJ,0.59,5,262,458,,,,,,,,,,,,,,,,,,,
/artists/394864-neil-young-and-crazy-horse,,Neil Young & Crazy Horse,Neil Young,6v8FB84lnmJs434UJf2Mrm,0.59,72,2362847,6300000,album rock,canadian singer-songwriter,classic canadian rock,classic rock,mellow gold,permanent wave,rock,roots rock,singer-songwriter,,,,,,,,,,/artists/1980138-neil-young
/artists/9202324-off-path,X,Off Path,Off the Beaten Path,50ce5Y8OJgxxWtMrUtrcwG,0.59,0,378,1,,,,,,,,,,,,,,,,,,,
/artists/10164672-patti-basler,,Patti Basler,Patti Basler & Philippe Kuhn,6cos12lR8zg6sBEJkSbCNe,0.6,0,32,45,,,,,,,,,,,,,,,,,,,
/artists/4521428-u30,,Ü30,Über 30,4LdUDdV0b6qIu0Hv2kD7Ze,0.6,0,2,1,,,,,,,,,,,,,,,,,,,
/artists/201692-locash-cowboys,X,LoCash Cowboys,LOCASH,5IcGbIAgdns0R5EJKHMjCQ,0.6,57,291889,1000000,contemporary country,country pop,country rap,country road,modern country rock,,,,,,,,,,,,,,
/artists/4565748-cock-to-cock,X,Cock to Cock,K2 Cocky,3i237FSi7zhqY6NoIZePh3,0.6,1,12,99,,,,,,,,,,,,,,,,,,,
/artists/10154750-chlu,X,Ch'Lu,Chlöe,1FtBEIWAwvw5ymBen5GICR,0.6,72,111075,7100000,,,,,,,,,,,,,,,,,,,
/artists/9735664-vintage-company,X,Vintage Company,Vintage Train Sound Effects Company,1LGqUKYyYK0Cu1ZxkjvZux,0.6,0,22,13,sound effects,,,,,,,,,,,,,,,,,,
/artists/3665741-seh,X,Seh...,SEHK,65YVYzDajIoVDwLMN6HBwE,0.6,5,6,4,,,,,,,,,,,,,,,,,,,
/artists/3541081-vor,X,Vor...,Vory,0GeeIVcvGA8GSlWsoY1dkG,0.6,62,71757,513200,kentucky hip hop,pop rap,trap soul,,,,,,,,,,,,,,,,
/artists/1927956-haddocks,,The Haddocks,Marvin Bridge & The Haddocks,67EuitW4TmkweoJDLb4b0k,0.6,0,13,7,,,,,,,,,,,,,,,,,,,
/artists/6661639-munchener-kammerorchester,,Münchener Kammerorchester,Munich Chamber Orchestra,43CmLUkZNUzmvPNUhxeoSU,0.61,36,1005,58400,chamber orchestra,string orchestra,,,,,,,,,,,,,,,,,
/artists/7311069-ottetto,X,Ottetto,Ottetto Italiano,1Azz3CctxuMEtFzR6XkI5P,0.61,3,132,263,wind ensemble,,,,,,,,,,,,,,,,,,
/artists/5240018-crankcase,X,Crankcase,CrankGameplays,24HlLTdDkUzA9nTwrUfXsZ,0.61,33,1779,656,,,,,,,,,,,,,,,,,,,
/artists/8509198-nice-the-band,X,Nice: The Band,the Nice 'N Nasty Band,024Ihtqy2xqYah4KowMlfK,0.61,0,1,2,,,,,,,,,,,,,,,,,,,
/artists/159617-otomo-yoshihide,,Otomo Yoshihide,Otomo Yoshihide's New Jazz Quintet,5QdYaNYnmMDJcPz3vCOO1b,0.61,5,1872,566,free improvisation,japanese jazz,,,,,,,,,,,,,,,,,
/artists/967497-laughing-buddha,X,The Laughing Buddha,Mike Davis and the Laughing Buddha Episodes,5ZvvcV0QZUf66NyEwRWdN7,0.61,0,49,15,,,,,,,,,,,,,,,,,,,
/artists/7290514-lex-killa,X,Lex Killa,Lee Killington,49zYebgK4HVhfyFfxZ2jDH,0.61,27,132,11500,,,,,,,,,,,,,,,,,,,
/artists/3512031-poursuite,X,Poursuite,United Pursuit,4YCpRzudpG6AeE0IvCjiGo,0.61,60,217658,821300,anthem worship,ccm,deep ccm,world worship,worship,,,,,,,,,,,,,,
/artists/10158976-paddy-pale,,Paddy Pale,Paddy and the Pale Boys,3kdIR6g1eN7TEbHMdTspLz,0.61,0,1,1,,,,,,,,,,,,,,,,,,,
/artists/1606014-h-e-a-t,X,H. E. A. T,H e a t h e r,1bqJgflUEBM8wZLJPpxtvx,0.61,1,38,51,,,,,,,,,,,,,,,,,,,
/artists/4590318-steve-earle-and-the-dukes,,Steve Earle and the Dukes,Steve Earle,2UBTfUoLI07iRqGeUrwhZh,0.61,63,223965,2100000,alternative country,country rock,folk,folk rock,heartland rock,new americana,outlaw country,roots rock,singer-songwriter,texas country,,,,,,,,,/artists/263807-steve-earle
/artists/8387578-qbig,X,Q-Big,QP Biggz,6ccOzkKV4KzPApDBdx99Rz,0.62,0,0,12500,,,,,,,,,,,,,,,,,,,
/artists/6113424-dj-sharkt,,DJ Shark-T,DJ Shark El Tiburon,0a17bxYDSe2EiFjQkY73Pw,0.62,0,14,2200000,,,,,,,,,,,,,,,,,,,
/artists/3148616-city-kill,X,The City Kill,Kill The City,19Obhxi2To0uHE73LSrqtK,0.62,0,4,1100,,,,,,,,,,,,,,,,,,,
/artists/1760120-dr-woggle,,dr. woggle,Dr. Woggle & The Radio,4xCWIhqJrxidcohipz2EFz,0.62,12,1051,1500,euroska,,,,,,,,,,,,,,,,,,/artists/281645-dr-woggle-and-the-radio
/artists/595764-residente-calle-13,,Residente Calle 13,Calle 13,0yNSzH5nZmHzeE2xn6Xshb,0.62,73,2550128,5600000,latin,latin afrobeat,latin alternative,latin hip hop,puerto rican rock,rap conciencia,reggaeton,rock en espanol,,,,,,,,,,,/artists/553669-calle-13
/artists/8693093-jakob-ogawa,X,Jakob Ogawa,Jakob,4ub2v80S4RIceZRGnlhjTr,0.62,60,204103,1300000,alternative r&b,indie garage rock,indie pop,,,,,,,,,,,,,,,,/artists/147529-jakob
/artists/2719876-blues-caravan,X,The Blues Caravan,The Johnny Otis Rhythm & Blues Caravan,3wLItroW2StGinBhqC91UW,0.62,8,78,996,,,,,,,,,,,,,,,,,,,
/artists/4003441-bass-desires,,Bass Desires,Marc Johnson's Bass Desires,75hVPgTBWFKLcWzQt3hJhP,0.62,5,369,342,ecm-style jazz,,,,,,,,,,,,,,,,,,
/artists/295100-riverdance,X,Riverdance,The Riverdance Singers,5IlA4h5fzcSW6HB0RYe3FX,0.62,7,91,746,,,,,,,,,,,,,,,,,,,
/artists/9433764-sting-operation,,Sting Operation,Felix Straumann’s Sting Operation,0ulhnG7VF8VLdxCCTDHovx,0.62,0,8,68,,,,,,,,,,,,,,,,,,,
/artists/3892001-nils-landgren-quartet,,Nils Landgren Quartet,"Nils Landgren, Thomas Clausen Brazilian Quartet",2xqsANpEnDvSKOCf1OASA2,0.62,0,9,7,,,,,,,,,,,,,,,,,,,
/artists/5175023-es-brennt,,Es Brennt,Es brennt - was tun?,7jpS52Wo7jgafiZvzJnEw9,0.62,17,21,5,,,,,,,,,,,,,,,,,,,
/artists/53910-nels-cline-singers,,The Nels Cline Singers,Nels Cline,3s6o8vxtYJ1utkWl8EXxUp,0.62,34,19238,51200,avant-garde jazz,contemporary jazz,experimental guitar,free improvisation,free jazz,jazz guitar,,,,,,,,,,,,,/artists/242853-nels-cline
/artists/4073436-sunnery-james,,Sunnery James,Sunnery James & Ryan Marciano,7kABWMhjA5GIl9PBEasBPt,0.62,58,58853,1300000,circuit,dutch house,edm,electro house,pop dance,progressive electro house,,,,,,,,,,,,,/artists/2479036-sunnery-james-and-ryan-marciano
/artists/9580874-elena-kitic,X,Elena Kitic,Elena,23EpL7Cr8OsOgkBvsEgk3v,0.62,51,60244,177700,turbo folk,,,,,,,,,,,,,,,,,,
/artists/1301647-meer,,**@meer**,MEER,4pAX6VBnbccF9uVcb9EGiq,0.62,21,1420,2400,deep progressive rock,,,,,,,,,,,,,,,,,,
/artists/2129011-marius-mullerwesternhagen,,Marius Müller-Westernhagen,Westernhagen,6El2bDJ8PlTKVYyEPWxfAS,0.63,55,224624,587300,german pop,german rock,liedermacher,,,,,,,,,,,,,,,,/artists/4075931-westernhagen
/artists/8282288-micro-hq,X,Micro HQ,Microsha 89,12WAu22wvEjz1qtJefAGhV,0.63,2,36,126,,,,,,,,,,,,,,,,,,,
/artists/7266369-est-symphony,X,E.s.t. Symphony,Embrace the Symphony,1cjW2lwl0iBwTxIDM3FUxJ,0.63,0,10,9,,,,,,,,,,,,,,,,,,,
/artists/3541061-spirit-of-gospel,X,The Spirit of Gospel,Fruit of the Spirit Gospel Singers,5kY1l74bVkMr9NKCEj8z6J,0.63,0,30,6,gospel singers,,,,,,,,,,,,,,,,,,
/artists/7030084-world-squad,X,World Squad,World Racketeering Squad,1Lk7BrN3VpQNpViUGNgfxp,0.63,0,7,5,,,,,,,,,,,,,,,,,,,
/artists/8650729-david-nance-band,X,David Nance Band,David Cuningham Scottish Dance Band,6mh47Y4cofPeht5jB8Tvka,0.63,0,13,68,ceilidh,traditional scottish folk,,,,,,,,,,,,,,,,,
/artists/9158709-neillink,X,Neil'link,Neil Innes,1Os8dbAw15y0pCfTZH0Sq0,0.63,13,3401,2300,comic,,,,,,,,,,,,,,,,,,
/artists/3612076-rappresentas,X,Rappresentas,La rappresentante di lista,0YmQyGKpZgGSDxsC8iEGQU,0.63,50,43793,259899,indie siciliano,italian indie pop,,,,,,,,,,,,,,,,,
/artists/3181586-2-tages,,2 Tages,2:Tages:Bart,79te3u5Y58OU3OsyNFxkzC,0.63,10,148,1600,,,,,,,,,,,,,,,,,,,
/artists/5913754-rollator,X,Rollator,Roll for It,0eZBRM0rZdHu5PLw7aNzsB,0.63,26,3715,16500,,,,,,,,,,,,,,,,,,,
/artists/2771561-sharon-shannon-band,,Sharon Shannon Band,Martin Staunton & The Sharon Shannon Band,2xzP7H59KkUxUTZBoYacYo,0.63,0,32,81,,,,,,,,,,,,,,,,,,,
/artists/9905689-tshaba,X,Tsha‘ba,Tasha Baxter,7sLv4bED064cYa2XhF85og,0.63,45,3754,185100,,,,,,,,,,,,,,,,,,,
/artists/423316-bruce-springsteen-and-the-e-street-band,,Bruce Springsteen & The E Street Band,Bruce Springsteen,3eqjTLE0HfPfh78zjh6TqT,0.63,79,4419849,14000000,classic rock,heartland rock,mellow gold,permanent wave,rock,singer-songwriter,,,,,,,,,,,,,/artists/227030-bruce-springsteen
/artists/4796428-new-york-ska,,New York Ska,New York Ska-Jazz Ensemble,0ADVX4vKQN1saCsOdl67Fj,0.63,39,51423,65600,euroska,ska,ska jazz,ska revival,traditional ska,,,,,,,,,,,,,,/artists/246356-new-york-skajazz-ensemble
/artists/8512063-calumette,X,Calumette,CallMeTheKidd,1q3rVmTrPa51ofrwEfC6Kc,0.64,23,169,10800,,,,,,,,,,,,,,,,,,,
/artists/2812561-mariachi-quetzal,,Mariachi Quetzal,Mariachi Quetzal de José Hernández,5YOGno0vWqw6MzwMGbgCY1,0.64,0,14,9,,,,,,,,,,,,,,,,,,,
/artists/8459478-shalosh-trio,,Shalosh Trio,Trio Shaloshinho,3BWciZxTZvZG6pWpoVFwU3,0.64,0,45,45,,,,,,,,,,,,,,,,,,,
/artists/8905829-testband,X,TestBand,Beep Test Bandits,4KMzIOZFzO7ORKi2u3J0Gj,0.64,4,18,600,,,,,,,,,,,,,,,,,,,
/artists/1099500-euuroshima,X,€urOshima,Taro Urashima,5RSxs4Rb82wINvjv5KJ7JK,0.64,36,14600,79300,okinawan pop,,,,,,,,,,,,,,,,,,
/artists/8766624-truffle-valley-boys,,Truffle Valley Boys,Ruben & Matt And The Truffle Valley Boys,0N2W4KgXj6e533kkEOcT3F,0.64,0,22,19,,,,,,,,,,,,,,,,,,,
/artists/9887834-van-nutt,X,Van Nutt,Guy Van Nueten,6LQRyga459hm5w9HCzARFu,0.64,25,751,9600,,,,,,,,,,,,,,,,,,,
/artists/8177708-lord-soft,X,Lord Soft,Lords Of Acid,3O3qPC1hmSp7442HYefx5w,0.64,39,70800,65099,electro-industrial,hardcore techno,industrial,industrial metal,industrial rock,new beat,,,,,,,,,,,,,
/artists/5824264-hugh-sams,X,Hugh Sams,High Sampling,4DtTcZucLzox7VtkpWsVBw,0.64,47,14,165700,rain,,,,,,,,,,,,,,,,,,
/artists/4129171-de-haderi,X,De Haderi,Son De Madera,5IjDhtfKUReD5VeIeynKme,0.64,34,16412,47000,folklore veracruzano,mexican son,rumba,son jarocho,,,,,,,,,,,,,,,
/artists/8409373-al-bano-carrisi,,Al Bano Carrisi,Al Bano,2gpELJDuhOQi1DPcI0VFvw,0.64,53,91981,495800,classic italian pop,,,,,,,,,,,,,,,,,,/artists/499520-al-bano
/artists/3076151-seb-hoog,,Seb Hoog,Sébastien Hoog,2H7W50zVBfMtAqe48QBbKn,0.64,0,1,85,,,,,,,,,,,,,,,,,,,
/artists/8857529-raminski,X,Raminski,Ramin Karimloo,2caaCPRmsp0wFF9utMxeMP,0.64,45,31924,148600,broadway,hollywood,show tunes,,,,,,,,,,,,,,,,
/artists/3351111-martynas-levickis,X,Martynas Levickis,Martynas,24xgek07kTzaZ4SrocQHTs,0.64,29,6129,21100,classical accordion,,,,,,,,,,,,,,,,,,
/artists/192074-moron-brothers,,Moron Brothers,The Moron Brothers (Bluegrass),4ufsIEcozP7j1b1n5E0dPO,0.64,12,1214,853,,,,,,,,,,,,,,,,,,,
/artists/7131009-peirani,,Peirani,Vincent Peirani,2aMYfhweGlfp6qj9r6OGUO,0.64,41,10983,57200,accordion,french jazz,,,,,,,,,,,,,,,,,/artists/1166852-vincent-peirani
/artists/8605624-siggbert,,Siggbert,Siegbert Rampe,6Zdwsyf0I6iJUQx9civiz6,0.64,11,120,938,historical keyboard,,,,,,,,,,,,,,,,,,
/artists/3552526-turquie,X,Turquie,Arnaud Turquier,0aPZs664c7LdeS3VBu97Ii,0.64,0,5,43,,,,,,,,,,,,,,,,,,,
/artists/10111465-man-man-man,X,Man Man Man,Marilyn Manson,2VYQTNDsvvKN9wmU5W7xpj,0.64,74,3480526,6500000,alternative metal,industrial,industrial metal,industrial rock,nu metal,wrestling,,,,,,,,,,,,,/artists/317102-marilyn-manson
/artists/9549654-dixie-kids,X,Dixie Kids,Stork Town Dixie Kids,0IRmqUhOWccVOsOkHWOQ8l,0.65,0,0,36,,,,,,,,,,,,,,,,,,,
/artists/3926576-pop-string,X,Pop String,Pop Strings Orchestra,0vqIFscmDAnr59MxNOgSjQ,0.65,38,2278,49500,easy listening,romantico,,,,,,,,,,,,,,,,,
/artists/4797598-mother-africa,X,Mother Africa,Marimbas from Mother Africa,5abbRmV1aj2pERGTqS26DK,0.65,2,66,97,,,,,,,,,,,,,,,,,,,
/artists/9960639-hf-thiefaine,,HF Thiefaine,Hubert-Félix Thiéfaine,5uD9sDsgIlcyH0e6Hkxbat,0.65,50,66813,191800,chanson,french rock,nouvelle chanson francaise,,,,,,,,,,,,,,,,/artists/375128-hubertfelix-thiefaine
/artists/8920219-idris-ackamoor-and-the-pyramids,,Idris Ackamoor & The Pyramids,Idris Ackamoor,5364PA7k8ziFDp6SME0c4Y,0.65,27,8289,23900,afrofuturism,spiritual jazz,,,,,,,,,,,,,,,,,
/artists/10000674-carlos-elliot-jr,,Carlos Elliot Jr.,Carlos Elliot Jr. & The Cornlickers,4mG4A1Y6vuMQDeKnaTOgJz,0.65,0,134,12,,,,,,,,,,,,,,,,,,,
/artists/4790038-ant-hampton,,Ant Hampton,Ann Hampton Callaway,5wHvUotfxzSccrzX9x9g6e,0.65,37,13139,103900,contemporary vocal jazz,vocal jazz,,,,,,,,,,,,,,,,,
/artists/10161532-two-live,X,The Two live,The New 2 Live Crew,75SGHc9VQDAeeZ9lUVVXu1,0.65,10,17129,1400,miami bass,,,,,,,,,,,,,,,,,,
/artists/3472426-andy-egert,,Andy Egert,Andy Egert Blues Band,1X4spbuVtF3dBzgvQMPB2z,0.65,4,768,288,,,,,,,,,,,,,,,,,,,/artists/334057-andy-egert-blues-band
/artists/493139-defected-in-the-house,X,Defected In The House,Defected Presents Noir In The House Mixtape,0tQU0ruS1BnOPKsdbwh6kg,0.66,0,214,24,,,,,,,,,,,,,,,,,,,
/artists/49149-phon-roll,,Phon Roll,Phon Roll und Bubi,7vwpCkGVgX4I8jNrm3tX5U,0.67,2,27,264,,,,,,,,,,,,,,,,,,,
/artists/70451-rh,,R-h,R@H,0zHtN2GMTkt8eEnJ1JIfzt,0.67,2,0,1900,,,,,,,,,,,,,,,,,,,
/artists/7758504-rhabarber,X,Rhabarber,Rabarberbajarna,0EmcTsrS7SIXMlPi2vNpGe,0.67,3,45,266,fotbollslatar,,,,,,,,,,,,,,,,,,
/artists/8918954-oktaeder,,Oktaeder,Janto's Oktaeder,0664n3Ew4FYDG1xEvRAnmv,0.67,0,3,1,,,,,,,,,,,,,,,,,,,
/artists/8243148-kippu,X,KIPPU,Kippage,0eoEgqMERQt0qdM7nZXC81,0.67,22,1056,10000,,,,,,,,,,,,,,,,,,,
/artists/4635178-qrandy,X,Q-randy,Q Random,0SwlDikILFZopmTETlphu8,0.67,0,4,13,,,,,,,,,,,,,,,,,,,
/artists/9178669-ppo,X,P!PO,P-PoP,7eotleXOvWYEa9mMLOOD1K,0.67,8,7,19,,,,,,,,,,,,,,,,,,,
/artists/1922786-new-berlin,,New Berlin,New Berlin Orchestra,7at7LhwoFX94ZmdRmkAeT2,0.67,0,0,1,,,,,,,,,,,,,,,,,,,
/artists/7875759-lucky-ace,X,LUCKY ACE,Lucky Axe Flies,0IgZdbUuP3BXz85hrlDRGB,0.67,0,16304,83,,,,,,,,,,,,,,,,,,,
/artists/445583-abba-gold,,Abba Gold,The Real Abba Gold,0Jd60SaoeEqWcNoURcmkbN,0.67,3,1,179,,,,,,,,,,,,,,,,,,,
/artists/10142621-nitrones,X,Nitrones,Nitroskull,6POH0vhmxaNtwwhrOpS5vC,0.67,3,400,78,,,,,,,,,,,,,,,,,,,
/artists/4329156-giganten,X,Giganten,Gigante Sabor,1BKeHM3Dq72NX8oJrXWiqQ,0.67,9,0,207,,,,,,,,,,,,,,,,,,,
/artists/8005223-friends-vol2,X,Friends Vol.2,CHIA & FRIENDS VOLUME 2,14H0arefm5lAOdv5W19awz,0.67,0,1,13,,,,,,,,,,,,,,,,,,,
/artists/7620019-artmaille,X,Artmaillé,Artillery,6N62Sla6F2uuEzNALo6720,0.67,32,57961,25400,danish death metal,danish metal,death metal,metal,new wave of thrash metal,speed metal,technical thrash,thrash metal,,,,,,,,,,,/artists/477845-artillery
/artists/4548638-guest-dj,X,Guest- Dj,Guest List DJ's,1Gxeg1eoSybTy7uKnoEzaU,0.67,0,4,22,,,,,,,,,,,,,,,,,,,
/artists/3884276-albruic,X,Albruic,Altruism,6L29hqhEPpMUQXjPKrs0bC,0.67,32,15614,37100,forest psy,psychedelic trance,trance brasileiro,,,,,,,,,,,,,,,,
/artists/8068608-trashbird,X,Trashbird,American Trashbird,3UVTMnSwwTjdLiuN0QV66Z,0.67,0,34,8,,,,,,,,,,,,,,,,,,,
/artists/3964036-i-woks-sound,,I Woks Sound,I Woks,4hV6DG1dPR8GNKijPMf8VH,0.67,34,18142,32299,french reggae,,,,,,,,,,,,,,,,,,
/artists/8868054-ce-s,,CE $,CE $takz,4pXSKbq7Vn2QTAUajNKfG8,0.67,0,0,3000,,,,,,,,,,,,,,,,,,,
/artists/5352303-05ric,X,05ric,06Ricky,5sBmJ5y2Cw745BK3kCG3ce,0.67,0,5,7,,,,,,,,,,,,,,,,,,,
/artists/8982999-fi-meditation,X,Fi Meditation,Meditation Fields,2J6dGQIlGWtE7cdbmIVJP8,0.67,0,3,3,,,,,,,,,,,,,,,,,,,
/artists/6106589-fckd,,Fckd!,FCKDSKO,4eDAcHIGKtzueDLBNQ5Khx,0.67,3,30,670,,,,,,,,,,,,,,,,,,,
/artists/8400133-low-desert-punk-band,,Low Desert Punk Band,Brant Bjork and the Low Desert Punk Band,2OdlkHISDeMdm5TZU0PQzX,0.67,11,3893,1300,palm desert scene,,,,,,,,,,,,,,,,,,
/artists/2343868-ron-carter-trio,,Ron Carter Trio,Ron Carter Golden Striker Trio,2W4erjy7B6bN4Vv74q9zX1,0.67,1,246,80,,,,,,,,,,,,,,,,,,,
/artists/971820-mind,X,MÏND,Mindz,4OBtMd5BKYBfSMsI6gRooZ,0.67,44,35,63800,,,,,,,,,,,,,,,,,,,
/artists/9732279-mickeymick,X,MickeyMick,Mickey Mickey Rourke,2fWHlEqpOmlb3nP7kOOKr5,0.67,1,319,122,indie dream pop,,,,,,,,,,,,,,,,,,
/artists/7818354-higrip,X,Hi-Grip,High-Risk Grip,4Lnn5vdhu2bubdT8NgeA8c,0.67,0,1,8,,,,,,,,,,,,,,,,,,,
/artists/8935449-galopp,X,Galopp,Galopante,4HwDKItXB4DGosRVqjQkle,0.67,12,601,1600,,,,,,,,,,,,,,,,,,,
/artists/8605599-akkuflex,,Akkuflex,Carsten Akkuflex,4Edm3OH0OuKyJP20dDRuhC,0.67,0,9,7,,,,,,,,,,,,,,,,,,,
/artists/9834429-francisco-musik,X,Francisco Musik,Grupo San Francisco Musical,49mnsPACbv2BTXyiD5IDcq,0.67,12,3,263,,,,,,,,,,,,,,,,,,,
/artists/1315136-onno,X,ON＋NO,ON NOIR,2m3brfz3dAOhAWc9QeyKct,0.67,0,8,5,,,,,,,,,,,,,,,,,,,
/artists/3362936-batalj,,BATALJ,Batalj Björn,3zYiIXN4ONjSWzxMo2ek96,0.67,0,0,171800,,,,,,,,,,,,,,,,,,,
/artists/5168588-licht-aus,X,Licht Aus,Light Asylum,2y98d6N81pArQNXYvkupr8,0.67,33,31440,45000,grave wave,metropopolis,,,,,,,,,,,,,,,,,/artists/4428303-light-asylum
/artists/8375378-agcrew,X,#AGCrew,Acres,3y43zXffnLmhyQD1K4QCmD,0.67,31,17807,26900,melodic hardcore,,,,,,,,,,,,,,,,,,/artists/555641-acres
/artists/5206803-sensational-space-shifters,,Sensational Space Shifters,Justin Adams Robert Plant Sensational Space Shifters,3uFXgMwSkRDt0glgc2Cnkr,0.67,0,130,613,,,,,,,,,,,,,,,,,,,
/artists/9945764-lelents,X,Lélents,Leventis,3F6z7RXCcFGOoeRoPMPAYQ,0.67,26,691,29000,,,,,,,,,,,,,,,,,,,
/artists/3524011-u25,,Ü25,U25,3lqw4slEvwRD79QJJtQ438,0.67,0,52,294,,,,,,,,,,,,,,,,,,,
/artists/10071973-au-loin,X,Au Loin,Au loin Carmen,3irJjkWESlLZ7EILJz3Ank,0.67,0,21,17,,,,,,,,,,,,,,,,,,,
/artists/4309231-twinsway,X,Twinsway,twinsmatic,3gYoYSbWPhxA0zY9lZ4Ldv,0.67,41,13760,101300,french hip hop,pop urbaine,rap francais,,,,,,,,,,,,,,,,/artists/6538434-twinsmatic
/artists/9055019-dj-roc-one,,DJ Roc One,DJ Roc-1,3gCPq1GoNATDt8Eu0B24jP,0.67,0,0,1000,,,,,,,,,,,,,,,,,,,
/artists/10138955-dj-borren,X,DJ Börren,DJ BORING,3MkIU5jhXTMK9pYQTRVI6p,0.67,47,62657,274100,deep house,float house,lo-fi house,,,,,,,,,,,,,,,,
/artists/4580058-trashbones,,The Trashbones,Wild Evel And The Trashbones,4plZQGkm1yC5mEX9cC2b9k,0.67,5,637,376,trash rock,,,,,,,,,,,,,,,,,,/artists/5067973-wild-evel-and-the-trashbones
/artists/2723306-you-say-france,,You Say France,You Say France and I Whistle,2BC1SoblQ8QYsVrKclR2Ya,0.67,4,412,488,stockholm indie,swedish indie pop,,,,,,,,,,,,,,,,,/artists/1896825-you-say-france-and-i-whistle
/artists/10135258-pasdici,X,Pasdici,Pastiche,5N4A9tkOSIW8eUqzWjCzTd,0.67,21,682,5300,high-tech minimal,,,,,,,,,,,,,,,,,,
/artists/10124438-bohem-ragtime,,Bohém Ragtime,Bohem Ragtime Jazz Band,53tS4B3K0xo7wzob2OomJx,0.67,2,78,90,,,,,,,,,,,,,,,,,,,
/artists/9377004-barlog,,Barłóg,Barlog,5gcjOrMG4ScbcNx78WNRQh,0.67,16,16,4,,,,,,,,,,,,,,,,,,,
/artists/8707313-tres-roots,X,TRES ROOTS,Th3rd Coast Roots,3Q0BDbrnCWl83B6MtptqOC,0.67,27,1003,16100,,,,,,,,,,,,,,,,,,,
/artists/9368059-schoof,,Schööf,Schoof,5lfP6k0VI2KECAEYmJCzT8,0.67,1,0,2,,,,,,,,,,,,,,,,,,,
/artists/274445-at-any-cost,X,At Any Cost,Calm At Any Cost Noise,20rJbvCuVon9VwXRhManmb,0.67,0,4,2,,,,,,,,,,,,,,,,,,,
/artists/1973350-action-beat,,Action Beat,Action Beat + G.W. Sok,21hQQpNPyE8pvJh6I1vGAr,0.67,0,161,21,uk noise rock,,,,,,,,,,,,,,,,,,
/artists/8471733-idan-raichel-project,,The Idan Raichel Project,Idan Raichel,5EBnQEKoaiAk37Q7cfGrE1,0.67,57,538037,419100,classic israeli pop,israeli mediterranean,israeli pop,israeli singer-songwriter,,,,,,,,,,,,,,,/artists/189578-idan-raichel
/artists/9792664-ep,X,E-P,E-Type,53I4RAzuXWvaO1vzrCBJbD,0.67,56,118557,685400,bubblegum dance,eurodance,europop,swedish eurodance,,,,,,,,,,,,,,,
/artists/9448694-florian-egli,,Florian Egli,Florian Egli Weird Beard,27M3u5FEg70iVyEKCvMCG7,0.67,0,69,37,,,,,,,,,,,,,,,,,,,/artists/9052434-florian-egli-weird-beard
/artists/6338854-2takt,,2-Takt,Zwei-Takt,1rd45fwPznfghLBjx8N9wz,0.67,0,25,25,,,,,,,,,,,,,,,,,,,
/artists/9876474-aecht,X,Äecht,Acht,4rkDXwv8sSHyb82SlsJD8G,0.67,1,2,1000000,,,,,,,,,,,,,,,,,,,
/artists/5527753-raop,X,Raop,RIOPY,4ytDz3A9nHcVMjEbdNSKzA,0.67,59,30826,433000,neo-classical,,,,,,,,,,,,,,,,,,
/artists/8573309-epic-male-band,,Epic Male Band,Esko Järvelä Epic Male Band,5n3IROVXQl4ZJfLYl6D4Mp,0.68,4,561,228,finnish folk,,,,,,,,,,,,,,,,,,
/artists/8609809-jeffrey-lewis-and-los-bolts,,Jeffrey Lewis & Los Bolts,Jeffrey Lewis,2Icsf5D1lAs2EFx6kggg5D,0.68,41,38921,92000,anti-folk,folk punk,,,,,,,,,,,,,,,,,/artists/104773-jeffrey-lewis
/artists/960894-plaster-casters,X,PLASTER CASTERS,The Plaster Caster Blues Band,4nm5iQ751Tr3UZLcprhFCm,0.68,0,40,44,,,,,,,,,,,,,,,,,,,
/artists/2703146-tony-allen-afrobeat,,Tony Allen Afrobeat,Tony Allen | Chicago Afrobeat Project,6cl4LdwfMMmgiyeSMY4FUn,0.68,0,11,558600,,,,,,,,,,,,,,,,,,,
/artists/4602018-miguel-smalltown-collective,,Miguel Smalltown Collective,Smalltown Collective / Dj Miguel,3Z7N1UKXGhVAjUdig3MkJ9,0.68,0,6,5,,,,,,,,,,,,,,,,,,,
/artists/5289068-duo-divertimento,,Duo Divertimento,Manu Burkart (Duo DivertiMento),5gMb0u3rRyRvsA5vjh7EQN,0.68,0,31,78900,,,,,,,,,,,,,,,,,,,
/artists/542791-tarantinos,X,The Tarantinos,The Tarantino Experience,3mRInWVq7iwEyr5DbEns2r,0.68,0,65,17,,,,,,,,,,,,,,,,,,,/artists/5434053-tarantino-experience
/artists/9887824-bambi-de-luxe,X,BAMBI DE LUXE,Bambino che Dorme De Luxe,1WGR6O9uVGgGZ7iwH9W7Ps,0.68,0,0,1,,,,,,,,,,,,,,,,,,,
/artists/777316-einar-stray,,Einar Stray,Einar Stray Orchestra,3KNKt7f2QCeOhOraT5xdrc,0.69,11,3770,1800,oslo indie,,,,,,,,,,,,,,,,,,/artists/8265653-einar-stray-orchestra
/artists/3285201-miles-the-dj,X,Miles the DJ,Ray Miles & The DJ Band,1pYougzGWpmaPio480IySQ,0.69,0,6,1,,,,,,,,,,,,,,,,,,,
/artists/9073239-duo-billet,,Duo Billet,Duo Billet Frigerio,7qePWqvh9XiSLqde6a2V8j,0.69,0,13,5,,,,,,,,,,,,,,,,,,,
/artists/7500164-self-group,X,Self Group,The Self Help Group,5p8d8s6tNOBYt7W9CZ9giU,0.69,2,136,115,,,,,,,,,,,,,,,,,,,
/artists/1095334-medallist,X,Medallist,Bronze Medallists,05Kiy4d3PUIwjjwq2A42dg,0.69,0,21,6,,,,,,,,,,,,,,,,,,,
/artists/2960846-alonzo-de-psy4-de-la-rime,X,Alonzo De Psy4 De La Rime,"MOH(S.KRIM), ALONZO(Psy4 de la rime)",2CNlRTzYYo6ngPfV8VUFbE,0.69,0,7,8,,,,,,,,,,,,,,,,,,,
/artists/2378350-fell-voices,X,Fell Voices,The Fellowship Voices,5XhWEhoqtCj1amrup0xfSU,0.69,0,14,1,,,,,,,,,,,,,,,,,,,
/artists/6495479-dj-juicy-m,,DJ Juicy M,DJ Juicy & Melodize,3yWLSdCkr7wqvPNYW5aKuj,0.69,0,163,4,,,,,,,,,,,,,,,,,,,
/artists/1933495-veiled,,The Veiled,The Veiled Creature,1vdhMTz9e8Z1KIeUtDQ6zG,0.69,0,9,9,,,,,,,,,,,,,,,,,,,
/artists/2478771-sinside,X,S.I.N.S.I.D.E.,R.E.S.I.D.E.N.T,5UIFIVONGBdQXIMINVw6fj,0.69,1,103,73,,,,,,,,,,,,,,,,,,,
/artists/6147994-nick-berola,X,Nick Berola,Nick Broadhurst,42wlDfDuv6KZWWd0t7Qgj3,0.69,35,10600,59100,,,,,,,,,,,,,,,,,,,
/artists/9275654-res-wepfer,,Res Wepfer,Res Wepfer Kabinett,28cSIoD2zNix1sLgKq0zfe,0.69,0,11,8,,,,,,,,,,,,,,,,,,,
/artists/8906634-timberjack,,Timberjack,Timberjack Donoghue,1xrYvQAEjAcogAPDCvjCwZ,0.69,1,40,169,,,,,,,,,,,,,,,,,,,
/artists/9861064-orbitarium,,Orbitarium,Orbitarium Seclorum,57iWb6rOhts6xcPlJs68rj,0.69,0,4,1,,,,,,,,,,,,,,,,,,,
/artists/705244-dj-engineer,X,DJ Engineer,DJ Mastering Engineer,4UlHWT09anOakEsBY65Jwr,0.69,0,0,162,,,,,,,,,,,,,,,,,,,
/artists/10083092-crickelwood,X,Crickelwood,£20 in Cricklewood,0hIyVwR2Ai30JlmJbA5IYT,0.69,0,8,3,,,,,,,,,,,,,,,,,,,
/artists/10137522-schnyder-and-schnyder,X,Schnyder & Schnyder,Andreas Schnyder,4l9t7XePC6LKllti93l3bN,0.69,0,0,459,,,,,,,,,,,,,,,,,,,
/artists/5052973-harbour-heads,,The Harbour Heads,Kristoffer And The Harbour Heads,6SiVNy78yyHks1trqmvYTD,0.69,1,581,94,,,,,,,,,,,,,,,,,,,/artists/6094049-kristoffer-and-the-harbour-heads
/artists/4343276-2-support,X,2 Support,2nd Level Support,6T7AyOD9JPA649PqeLV0G7,0.69,0,0,4,,,,,,,,,,,,,,,,,,,
/artists/9858854-lily-horn,X,Lily Horn,Lily & Horn Horse,7f6d1VzEhRLC9ntbN3lNME,0.69,8,1048,619,experimental indie,,,,,,,,,,,,,,,,,,
/artists/8701288-rollin-john,,Rollin John,"""Rolling Joe"" Johnson",5Nu59LMnCvg6KGEHRYDcVz,0.69,0,0,7,,,,,,,,,,,,,,,,,,,
