,counter,occurrences,manual_genre,found,unknown,genres
indie,297,12437,independent music,,,"['aarhus indie', 'aberdeen indie', 'alabama indie', 'alaska indie', 'albany ny indie', 'albuquerque indie', 'ann arbor indie', 'argentine indie', 'arkansas indie', 'asbury park indie', 'asheville indie', 'athens indie', 'atlanta indie', 'auckland indie', 'australian indie', 'austrian indie', 'baltimore indie', 'bangalore indie', 'basel indie', 'bath indie', 'bay area indie', 'belarusian indie', 'belfast indie', 'belgian indie', 'belo horizonte indie', 'bergamo indie', 'bergen indie', 'bern indie', 'birmingham indie', 'bosnian indie', 'boston indie', 'brazilian indie', 'brighton indie', 'brisbane indie', 'bristol indie', 'brooklyn indie', 'buffalo ny indie', 'bulgarian indie', 'bury st edmunds indie', 'calgary indie', 'cambridgeshire indie', 'canadian indie', 'cape breton indie', 'cape town indie', 'caracas indie', 'cardiff indie', 'channel islands indie', 'charlotte nc indie', 'charlottesville indie', 'chicago indie', 'chihuahua indie', 'chilean indie', 'chinese indie', 'christchurch indie', 'cleveland indie', 'cologne indie', 'colombian indie', 'columbus ohio indie', 'cork indie', 'cornwall indie', 'croatian indie', 'czech indie', 'dalarna indie', 'danish indie', 'dayton indie', 'dc indie', 'deep german indie', 'delaware indie', 'denton tx indie', 'denver indie', 'derby indie', 'derry indie', 'detroit indie', 'devon indie', 'dominican indie', 'dortmund indie', 'dresden indie', 'dublin indie', 'duluth indie', 'dundee indie', 'dunedin indie', 'dusseldorf indie', 'dutch indie', 'east anglia indie', 'eau claire indie', 'ecuadorian indie', 'edinburgh indie', 'edmonton indie', 'el paso indie', 'essex indie', 'estonian indie', 'eugene indie', 'euskal indie', 'faroese indie', 'finnish indie', 'firenze indie', 'fort wayne indie', 'fort worth indie', 'frankfurt indie', 'gainesville indie', 'galway indie', 'german indie', 'ghent indie', 'glasgow indie', 'gothenburg indie', 'granada indie', 'grand rapids indie', 'graz indie', 'greek indie', 'guadalajara indie', 'halifax indie', 'hamburg indie', 'hamilton on indie', 'hong kong indie', 'houston indie', 'hungarian indie', 'icelandic indie', 'idaho indie', 'indiana indie', 'indie boliviano', 'indie catala', 'indie curitibano', 'indie fuzzpop', 'indie liguria', 'indie poptimism', 'indie quebecois', 'indie queretano', 'indie rockism', 'indie salvadoreno', 'indie siciliano', 'indie tico', 'indie triste', 'indie veneto', 'indonesian indie', 'indy indie', 'iowa indie', 'irish indie', 'isle of wight indie', 'israeli indie', 'jacksonville indie', 'kansai indie', 'kansas indie', 'kc indie', 'kelowna bc indie', 'kent indie', 'kingston on indie', 'knoxville indie', 'la indie', 'lafayette indie', 'lancashire indie', 'lancaster pa indie', 'latvian indie', 'lawrence ks indie', 'lebanese indie', 'leeds indie', 'leicester indie', 'leipzig indie', 'lexington ky indie', 'limerick indie', 'lincoln ne indie', 'lithuanian indie', 'liverpool indie', 'london indie', 'louisville indie', 'lund indie', 'luxembourgian indie', 'macedonian indie', 'maine indie', 'malaysian indie', 'malmo indie', 'manchester indie', 'manitoba indie', 'melbourne indie', 'memphis indie', 'mexican indie', 'miami indie', 'michigan indie', 'milan indie', 'milwaukee indie', 'minneapolis indie', 'mississippi indie', 'missouri indie', 'montreal indie', 'munich indie', 'nantes indie', 'nashville indie', 'nepali indie', 'newcastle indie', 'newcastle nsw indie', 'newfoundland indie', 'nice indie', 'normal indie', 'norrbotten indie', 'north carolina indie', 'north dakota indie', 'north east england indie', 'northamptonshire indie', 'northern irish indie', 'norwegian indie', 'nottingham indie', 'nz indie', 'oakland indie', 'oaxaca indie', 'oc indie', 'ok indie', 'okc indie', 'olympia wa indie', 'omaha indie', 'ontario indie', 'orebro indie', 'orlando indie', 'oslo indie', 'oth indie', 'ottawa indie', 'oulu indie', 'oxford indie', 'pakistani indie', 'pei indie', 'perth indie', 'peruvian indie', 'philly indie', 'polish indie', 'portland indie', 'portsmouth indie', 'portuguese indie', 'puerto rican indie', 'puglia indie', 'quebec indie', 'reading indie', 'rennes indie', 'rhode island indie', 'rochester ny indie', 'rogaland indie', 'rome indie', 'rotterdam indie', 'rva indie', 'sacramento indie', 'salzburg indie', 'san antonio indie', 'san diego indie', 'san marcos tx indie', 'sardinia indie', 'saskatchewan indie', 'scottish indie', 'seattle indie', 'serbian indie', 'shanghai indie', 'sheffield indie', 'slc indie', 'slovenian indie', 'south carolina indie', 'south dakota indie', 'southampton indie', 'southern china indie', 'springfield mo indie', 'st petersburg fl indie', 'stl indie', 'stockholm indie', 'stuttgart indie', 'svensk indie', 'swansea indie', 'swiss indie', 'sydney indie', 'taiwan indie', 'tamaulipas indie', 'tempe indie', 'tijuana indie', 'toronto indie', 'triangle indie', 'trondheim indie', 'tucson indie', 'tulsa indie', 'turin indie', 'uae indie', 'ukrainian indie', 'umea indie', 'uppsala indie', 'uruguayan indie', 'vancouver indie', 'vegas indie', 'venezuelan indie', 'vermont indie', 'victoria bc indie', 'vienna indie', 'virginia indie', 'warrington indie', 'washington indie', 'wellington indie', 'welsh indie', 'west virginia indie', 'west yorkshire indie', 'windsor on indie', 'wisconsin indie', 'worcester ma indie', 'wyoming indie', 'york indie', 'zurich indie']"
musica,24,968,world music,,,"['musica angolana', 'musica aragonesa', 'musica baiana', 'musica cabo-verdiana', 'musica capixaba', 'musica costarricense', 'musica etnica', 'musica indigena latinoamericana', 'musica infantil', 'musica juiz-forana', 'musica lombarda', 'musica maranhense', 'musica mato-grossense', 'musica menorquina', 'musica para criancas', 'musica para ninos', 'musica per bambini', 'musica portuguesa contemporanea', 'musica sergipana', 'musica tradicional cubana', 'musica tradicional dominicana', 'musica triste brasileira', 'nova musica paulista', 'nova musica pernambucana']"
dnb,9,339,drum and bass,,,"['austrian dnb', 'brazilian dnb', 'deep dnb', 'dutch dnb', 'french dnb', 'german dnb', 'nz dnb', 'stateside dnb', 'uk dnb']"
deep,8,295,,,X,"['deep chill-out', 'deep darkpsy', 'deep discofox', 'deep dnb', 'deep flow', 'deep german indie', 'deep liquid', 'deep talent show']"
and,2,247,rock music,,,"['stomp and holler', 'stomp and whittle']"
stomp,2,247,rock music,,,"['stomp and holler', 'stomp and whittle']"
folklore,6,213,folk music,,,"['folklore boliviano', 'folklore cuyano', 'folklore peruano', 'folklore quebecois', 'folklore veracruzano', 'nuevo folklore mexicano']"
prog,6,212,rock music,,,"['dutch prog', 'german prog', 'japanese prog', 'norwegian prog', 'polish prog', 'swedish prog']"
worship,6,211,contemporary worship music,,,"['chinese worship', 'german worship', 'roots worship', 'swiss worship', 'uk worship', 'worship']"
holler,1,205,rock music,,,['stomp and holler']
room,4,199,,,X,"['escape room', 'groove room', 'sky room', 'small room']"
psych,5,181,psychedelic music,,,"['australian psych', 'garage psych', 'psych gaze', 'shimmer psych', 'turkish psych']"
roots,5,169,country music,,,"['kentucky roots', 'montana roots', 'north carolina roots', 'ny roots', 'roots worship']"
quebecois,4,142,world music,,,"['auteur-compositeur-interprete quebecois', 'folklore quebecois', 'indie quebecois', 'trad quebecois']"
groove,4,133,funk music,,,"['arab groove', 'groove room', 'rare groove', 'zim urban groove']"
melodeath,4,133,melodic death metal,,,"['american melodeath', 'finnish melodeath', 'german melodeath', 'swedish melodeath']"
north,4,129,,X,,"['north carolina indie', 'north carolina roots', 'north dakota indie', 'north east england indie']"
mellow,1,120,rock music,,,['mellow gold']
gold,1,120,rock music,,,['mellow gold']
on,3,92,,X,,"['hamilton on indie', 'kingston on indie', 'windsor on indie']"
doom,3,92,doom metal,,,"['atmospheric doom', 'gaian doom', 'melodic doom']"
musikk,3,88,world music,,,"['nordnorsk musikk', 'rogaland musikk', 'trondersk musikk']"
carolina,3,87,,X,,"['north carolina indie', 'north carolina roots', 'south carolina indie']"
choir,3,87,choral music,,,"['british choir', 'cambridge choir', 'german choir']"
garage,1,86,garage rock,,,['garage psych']
show,3,86,pop music,,,"['australian talent show', 'deep talent show', 'talent show']"
talent,3,86,pop music,,,"['australian talent show', 'deep talent show', 'talent show']"
musique,3,85,world music,,,"['musique ancienne', 'musique pour enfants', 'musique traditionnelle congolaise']"
folclore,3,85,folk music,,,"['folclore portugues', 'folclore salteno', 'folclore tucumano']"
west,3,85,,,X,"['old west', 'west virginia indie', 'west yorkshire indie']"
san,3,85,,X,,"['san antonio indie', 'san diego indie', 'san marcos tx indie']"
melancholia,1,84,rock music,,,['melancholia']
edge,2,81,metal music,,,"['straight edge', 'vegan straight edge']"
metropopolis,1,81,pop music,,,['metropopolis']
straight,2,81,metal music,,,"['straight edge', 'vegan straight edge']"
escape,1,73,,,X,['escape room']
francoton,1,72,pop music,,,['francoton']
slayer,1,69,metal music,,,['slayer']
uk,2,68,,X,,"['uk dnb', 'uk worship']"
mundart,1,66,rock music,,,['mundart']
lilith,1,61,rock music,,,['lilith']
electra,1,59,electronic music,,,['electra']
brass,2,56,brass band music,,,"['brass ensemble', 'brass quintet']"
dreamo,1,56,rock music,,,['dreamo']
ninja,1,54,electronic music,,,['ninja']
voidgaze,1,54,shoegaze,,,['voidgaze']
poptimism,1,52,pop music,,,['indie poptimism']
tradicional,2,51,folk music,,,"['musica tradicional cubana', 'musica tradicional dominicana']"
hop,2,51,hip hop music,,,"['chip hop', 'flick hop']"
atmospheric,2,50,rock music,,,"['atmospheric doom', 'atmospheric sludge']"
hoerspiel,2,50,radio music,,,"['hoerspiel', 'kleine hoerspiel']"
brooklyn,1,49,,X,,['brooklyn indie']
adult,1,48,country music,,,['adult standards']
standards,1,48,country music,,,['adult standards']
nz,2,47,,X,,"['nz dnb', 'nz indie']"
east,2,47,,X,,"['east anglia indie', 'north east england indie']"
viola,2,46,,,X,"['viola', 'viola da gamba']"
nordnorsk,2,46,world music,,,"['nordnorsk musikk', 'nordnorsk ponk']"
reading,2,46,functional music,,,"['reading', 'reading indie']"
focus,2,46,functional music,,,"['focus', 'focus beats']"
twitch,1,45,vaporwave,,,['vapor twitch']
tunes,2,45,soundtrack,,,"['french movie tunes', 'movie tunes']"
movie,2,45,soundtrack,,,"['french movie tunes', 'movie tunes']"
saxophone,2,45,jazz music,,,"['saxophone trio', 'smooth saxophone']"
bc,2,45,,X,,"['kelowna bc indie', 'victoria bc indie']"
vapor,1,45,vaporwave,,,['vapor twitch']
antideutsche,1,45,hip hop music,,,['antideutsche']
boliviano,2,45,,X,,"['folklore boliviano', 'indie boliviano']"
enfants,2,44,children's music,,,"['histoire pour enfants', 'musique pour enfants']"
pour,2,44,,X,,"['histoire pour enfants', 'musique pour enfants']"
harp,2,44,art music,,,"['harp', 'jaw harp']"
sound,2,44,functional music,,,"['medway sound', 'sound effects']"
fort,2,44,,X,,"['fort wayne indie', 'fort worth indie']"
disney,2,44,functional music,,,"['disney', 'disney espanol']"
dakota,2,44,,X,,"['north dakota indie', 'south dakota indie']"
nova,2,44,,X,,"['nova musica paulista', 'nova musica pernambucana']"
piano,2,44,instrumental music,,,"['piano cover', 'prepared piano']"
discofox,2,43,pop music,,,"['deep discofox', 'discofox']"
praise,2,43,functional music,,,"['classic praise', 'messianic praise']"
psychedelia,2,43,psychedelic music,,,"['indonesian psychedelia', 'polish psychedelia']"
cape,2,43,,X,,"['cape breton indie', 'cape town indie']"
argentina,2,43,world music,,,"['cantautora argentina', 'guitarra argentina']"
rogaland,2,43,,X,,"['rogaland indie', 'rogaland musikk']"
psicodelia,2,43,psychedelic music,,,"['psicodelia brasileira', 'psicodelia mexicana']"
old,2,43,,,X,"['old school nederhop', 'old west']"
south,2,43,,X,,"['south carolina indie', 'south dakota indie']"
brasileira,2,43,,X,,"['musica triste brasileira', 'psicodelia brasileira']"
para,2,43,,X,,"['musica para criancas', 'musica para ninos']"
classic,2,43,,,,"['classic eurovision', 'classic praise']"
band,2,43,,,X,"['marching band', 'one-person band']"
karneval,2,43,folk music,,,"['karneval', 'kolsche karneval']"
triste,2,43,,X,,"['indie triste', 'musica triste brasileira']"
violin,2,43,instrumental music,,,"['indian violin', 'violin']"
st,2,43,,X,,"['bury st edmunds indie', 'st petersburg fl indie']"
guitarra,2,43,instrumental music,,,"['guitarra argentina', 'guitarra clasica']"
infantil,2,43,children's music,,,"['cancion infantil latinoamericana', 'musica infantil']"
latinoamericana,2,43,world music,,,"['cancion infantil latinoamericana', 'musica indigena latinoamericana']"
eurovision,2,43,pop music,,,"['classic eurovision', 'eurovision']"
zurich,1,42,,X,,['zurich indie']
bubblegrunge,1,42,rock music,,,['bubblegrunge']
gaian,1,38,,X,,['gaian doom']
z,1,37,rock music,,,['alt z']
alt,1,37,rock music,,,['alt z']
partyschlager,1,32,pop music,,,['partyschlager']
orgcore,1,32,rock music,,,['orgcore']
electrofox,1,31,electronic music,,,['electrofox']
nwocr,1,31,rock music,,,['nwocr']
gabba,1,30,electronic music,,,['gabba']
quebec,1,30,,X,,['quebec indie']
popgaze,1,29,pop music,,,['popgaze']
indiecoustica,1,29,independent music,,,['indiecoustica']
chinderlieder,1,28,pop music,,,['chinderlieder']
area,1,27,,X,,['bay area indie']
pixie,1,27,pop music,,,['pixie']
philly,1,27,,X,,['philly indie']
bay,1,27,,X,,['bay area indie']
filthstep,1,26,,,,['filthstep']
gbvfi,1,26,pop music,,,['gbvfi']
etherpop,1,26,pop music,,,['etherpop']
euroska,1,26,ska,,,['euroska']
laboratorio,1,26,electronic music,,,['laboratorio']
afrofuturism,1,25,hip hop music,,,['afrofuturism']
oldschool,1,23,hip hop music,,,['oldschool deutschrap']
deutschrap,1,23,hip hop music,,,['oldschool deutschrap']
fluxwork,1,22,electronic music,,,['fluxwork']
comic,1,21,functional music,,,['comic']
elektropunk,1,21,electronic music,,,['elektropunk']
drumming,1,21,metal music,,,['double drumming']
double,1,21,metal music,,,['double drumming']
bboy,1,19,,,,['bboy']
gaze,1,18,psychedelic music,,,['psych gaze']
clubbing,1,18,electronic music,,,['dark clubbing']
dark,1,18,electronic music,,,['dark clubbing']
volkspop,1,17,folk music,,,['volkspop']
tzadik,1,17,,,,['tzadik']
mandible,1,17,,,,['mandible']
cello,1,17,,,,['cello']
string,1,16,,,,['string quartet']
quartet,1,16,,,,['string quartet']
auteur-compositeur-interprete,1,16,,,,['auteur-compositeur-interprete quebecois']
austindie,1,15,,,,['austindie']
sludge,1,15,,,,['atmospheric sludge']
shred,1,15,,,,['shred']
voidgrind,1,15,,,,['voidgrind']
usbm,1,14,,,,['usbm']
francaise,1,14,,,,['variete francaise']
variete,1,14,,,,['variete francaise']
small,1,14,,,,['small room']
ensemble,1,14,,,,['brass ensemble']
rhode,1,14,,,,['rhode island indie']
island,1,14,,,,['rhode island indie']
azontobeats,1,13,,,,['azontobeats']
corrosion,1,13,,,,['corrosion']
ectofolk,1,13,,,,['ectofolk']
sky,1,13,,,,['sky room']
one-person,1,13,,,,['one-person band']
gymcore,1,13,,,,['gymcore']
cantautor,1,12,,,,['cantautor']
manitoba,1,12,,,,['manitoba indie']
historically,1,12,,,,['historically informed performance']
informed,1,12,,,,['historically informed performance']
performance,1,12,,,,['historically informed performance']
sludgecore,1,12,,,,['sludgecore']
saskatchewan,1,12,,,,['saskatchewan indie']
electropowerpop,1,12,,,,['electropowerpop']
deathgrass,1,11,,,,['deathgrass']
northern,1,11,,,,['northern irish indie']
fingerstyle,1,10,,,,['fingerstyle']
wrestling,1,10,,,,['wrestling']
transpop,1,10,,,,['transpop']
supergroup,1,10,,,,['supergroup']
doomgaze,1,10,,,,['doomgaze']
fallen,1,9,,,,['fallen angel']
angel,1,9,,,,['fallen angel']
hurdy-gurdy,1,9,,,,['hurdy-gurdy']
frauenrap,1,9,,,,['frauenrap']
cubana,1,9,,,,['musica tradicional cubana']
aussietronica,1,9,,,,['aussietronica']
chip,1,9,,,,['chip hop']
pirate,1,9,,,,['pirate']
bmore,1,8,,,,['bmore']
grungegaze,1,8,,,,['grungegaze']
blasmusik,1,8,,,,['blasmusik']
veneto,1,8,,,,['indie veneto']
organ,1,8,,,,['hammond organ']
hammond,1,8,,,,['hammond organ']
italogaze,1,8,,,,['italogaze']
ngoni,1,8,,,,['ngoni']
shimmer,1,8,,,,['shimmer psych']
nightrun,1,8,,,,['nightrun']
bandoneon,1,8,,,,['bandoneon']
kent,1,7,,,,['kent indie']
scandipop,1,7,,,,['scandipop']
ukhc,1,7,,,,['ukhc']
drift,1,7,,,,['drift']
cambridgeshire,1,7,,,,['cambridgeshire indie']
balafon,1,7,,,,['balafon']
dusseldorf,1,7,,,,['dusseldorf indie']
line,1,7,,,,['second line']
devon,1,7,,,,['devon indie']
jawaiian,1,7,,,,['jawaiian']
otacore,1,7,,,,['otacore']
second,1,7,,,,['second line']
oktoberfest,1,7,,,,['oktoberfest']
olympia,1,7,,,,['olympia wa indie']
arab,1,7,,,,['arab groove']
zillertal,1,6,,,,['zillertal']
poetry,1,6,,,,['slam poetry']
viser,1,6,,,,['norske viser']
malmo,1,6,,,,['malmo indie']
norske,1,6,,,,['norske viser']
beatlesque,1,6,,,,['beatlesque']
kolsche,1,6,,,,['kolsche karneval']
dreamgaze,1,6,,,,['dreamgaze']
scorecore,1,6,,,,['scorecore']
slam,1,6,,,,['slam poetry']
a,1,6,,,,['quatuor a cordes']
trad,1,6,,,,['trad quebecois']
forest,1,6,,,,['forest psy']
psy,1,6,,,,['forest psy']
quatuor,1,6,,,,['quatuor a cordes']
cordes,1,6,,,,['quatuor a cordes']
redneck,1,5,,,,['redneck']
liechtenstein,1,5,,,,['liechtenstein']
nu,1,5,,,,['nu age']
age,1,5,,,,['nu age']
oud,1,5,,,,['oud']
abstractro,1,5,,,,['abstractro']
blaskapelle,1,5,,,,['blaskapelle']
fuzzpop,1,5,,,,['indie fuzzpop']
barockinterpreten,1,5,,,,['barockinterpreten']
tekk,1,5,,,,['tekk']
kc,1,5,,,,['kc indie']
rominimal,1,5,,,,['rominimal']
anglia,1,5,,,,['east anglia indie']
england,1,5,,,,['north east england indie']
smp,1,5,,,,['dream smp']
etnica,1,5,,,,['musica etnica']
revival,1,5,,,,['ukg revival']
whittle,1,5,,,,['stomp and whittle']
fake,1,5,,,,['fake']
afrofuturismo,1,5,,,,['afrofuturismo brasileiro']
brasileiro,1,5,,,,['afrofuturismo brasileiro']
dream,1,5,,,,['dream smp']
commons,1,5,,,,['commons']
ukg,1,5,,,,['ukg revival']
tekno,1,4,,,,['tekno']
congolaise,1,4,,,,['musique traditionnelle congolaise']
traditionnelle,1,4,,,,['musique traditionnelle congolaise']
thall,1,4,,,,['thall']
essex,1,4,,,,['essex indie']
paso,1,4,,,,['el paso indie']
souldies,1,4,,,,['souldies']
multidisciplinary,1,4,,,,['multidisciplinary']
charlottesville,1,4,,,,['charlottesville indie']
rva,1,4,,,,['rva indie']
strut,1,4,,,,['strut']
lawrence,1,4,,,,['lawrence ks indie']
basshall,1,4,,,,['basshall']
melodic,1,4,,,,['melodic doom']
streichquartett,1,4,,,,['streichquartett']
claire,1,4,,,,['eau claire indie']
substep,1,4,,,,['substep']
el,1,4,,,,['el paso indie']
grimewave,1,4,,,,['grimewave']
chillsynth,1,4,,,,['chillsynth']
asheville,1,4,,,,['asheville indie']
didgeridoo,1,4,,,,['didgeridoo']
tribute,1,4,,,,['tribute']
town,1,4,,,,['cape town indie']
eau,1,4,,,,['eau claire indie']
orebro,1,4,,,,['orebro indie']
popwave,1,4,,,,['popwave']
scratch,1,4,,,,['scratch']
of,1,3,,,,['isle of wight indie']
symfonicky,1,3,,,,['symfonicky orchestr']
mgp,1,3,,,,['mgp']
raggatek,1,3,,,,['raggatek']
per,1,3,,,,['musica per bambini']
orchestr,1,3,,,,['symfonicky orchestr']
bambini,1,3,,,,['musica per bambini']
diego,1,3,,,,['san diego indie']
contemporanea,1,3,,,,['musica portuguesa contemporanea']
cornwall,1,3,,,,['cornwall indie']
swancore,1,3,,,,['swancore']
derry,1,3,,,,['derry indie']
portuguesa,1,3,,,,['musica portuguesa contemporanea']
tonlist,1,3,,,,['sunnlensk tonlist']
bath,1,3,,,,['bath indie']
mgpjr,1,3,,,,['mgpjr']
isle,1,3,,,,['isle of wight indie']
microtonal,1,3,,,,['microtonal']
uppsala,1,3,,,,['uppsala indie']
urban,1,3,,,,['zim urban groove']
lombarda,1,3,,,,['musica lombarda']
christelijk,1,3,,,,['christelijk']
zim,1,3,,,,['zim urban groove']
hangpan,1,3,,,,['hangpan']
harpsichord,1,3,,,,['harpsichord']
healing,1,3,,,,['healing']
violao,1,3,,,,['violao']
sunnlensk,1,3,,,,['sunnlensk tonlist']
asbury,1,3,,,,['asbury park indie']
classify,1,3,,,,['classify']
zenonesque,1,3,,,,['zenonesque']
historical,1,3,,,,['historical keyboard']
trio,1,3,,,,['saxophone trio']
keyboard,1,3,,,,['historical keyboard']
arabesk,1,3,,,,['arabesk']
mandolin,1,3,,,,['mandolin']
lund,1,3,,,,['lund indie']
oc,1,3,,,,['oc indie']
velha,1,3,,,,['velha guarda']
park,1,3,,,,['asbury park indie']
triangle,1,3,,,,['triangle indie']
siciliano,1,3,,,,['indie siciliano']
muzika,1,3,,,,['narodna muzika']
guarda,1,3,,,,['velha guarda']
theremin,1,3,,,,['theremin']
vgm,1,3,,,,['japanese vgm']
mallet,1,3,,,,['mallet']
j-poprock,1,3,,,,['j-poprock']
vegas,1,3,,,,['vegas indie']
traprun,1,3,,,,['traprun']
folkmusik,1,3,,,,['folkmusik']
stick,1,3,,,,['chapman stick']
wight,1,3,,,,['isle of wight indie']
narodna,1,3,,,,['narodna muzika']
ambeat,1,3,,,,['ambeat']
hopebeat,1,3,,,,['hopebeat']
wu,1,3,,,,['wu fam']
recorder,1,3,,,,['recorder']
chapman,1,3,,,,['chapman stick']
epicore,1,3,,,,['epicore']
catala,1,3,,,,['indie catala']
balfolk,1,3,,,,['balfolk']
stl,1,3,,,,['stl indie']
sarkilar,1,3,,,,['huzunlu sarkilar']
huzunlu,1,3,,,,['huzunlu sarkilar']
fam,1,3,,,,['wu fam']
star,1,3,,,,['lo star']
lo,1,3,,,,['lo star']
corses,1,2,,,,['polyphonies corses']
plugg,1,2,,,,['plugg']
cover,1,2,,,,['piano cover']
bagpipe,1,2,,,,['bagpipe']
ann,1,2,,,,['ann arbor indie']
effects,1,2,,,,['sound effects']
polyphonies,1,2,,,,['polyphonies corses']
smooth,1,2,,,,['smooth saxophone']
marcos,1,2,,,,['san marcos tx indie']
newfoundland,1,2,,,,['newfoundland indie']
mexicano,1,2,,,,['nuevo folklore mexicano']
prepared,1,2,,,,['prepared piano']
atmosphere,1,2,,,,['atmosphere']
arbor,1,2,,,,['ann arbor indie']
oth,1,2,,,,['oth indie']
psychokore,1,2,,,,['psychokore']
psytech,1,2,,,,['psytech']
oaxaca,1,2,,,,['oaxaca indie']
relaxative,1,2,,,,['relaxative']
nuevo,1,2,,,,['nuevo folklore mexicano']
archi,1,2,,,,"[""quartetto d'archi""]"
rican,1,2,,,,['puerto rican indie']
puglia,1,2,,,,['puglia indie']
quartetto,1,2,,,,"[""quartetto d'archi""]"
northamptonshire,1,2,,,,['northamptonshire indie']
popping,1,2,,,,['popping']
rain,1,2,,,,['rain']
d,1,2,,,,"[""quartetto d'archi""]"
autoharp,1,2,,,,['autoharp']
puerto,1,2,,,,['puerto rican indie']
lancashire,1,2,,,,['lancashire indie']
nsw,1,2,,,,['newcastle nsw indie']
grand,1,2,,,,['grand rapids indie']
beats,1,2,,,,['focus beats']
folclor,1,2,,,,['folclor afrocolombiano']
afrocolombiano,1,2,,,,['folclor afrocolombiano']
islands,1,2,,,,['channel islands indie']
channel,1,2,,,,['channel islands indie']
wayne,1,2,,,,['fort wayne indie']
worth,1,2,,,,['fort worth indie']
galego,1,2,,,,['galego']
rapids,1,2,,,,['grand rapids indie']
firenze,1,2,,,,['firenze indie']
ukulele,1,2,,,,['ukulele']
ukrainian,1,2,,,,['ukrainian indie']
neurostep,1,2,,,,['neurostep']
pipes,1,2,,,,['uilleann pipes']
histoire,1,2,,,,['histoire pour enfants']
quintet,1,2,,,,['brass quintet']
uilleann,1,2,,,,['uilleann pipes']
uae,1,2,,,,['uae indie']
flick,1,2,,,,['flick hop']
recording,1,2,,,,['field recording']
trondersk,1,2,,,,['trondersk musikk']
chihuahua,1,2,,,,['chihuahua indie']
concertina,1,2,,,,['concertina']
raw,1,2,,,,['xtra raw']
coverchill,1,2,,,,['coverchill']
covertrance,1,2,,,,['covertrance']
xtra,1,2,,,,['xtra raw']
danspunk,1,2,,,,['danspunk']
darbuka,1,2,,,,['darbuka']
liquid,1,2,,,,['deep liquid']
dronescape,1,2,,,,['dronescape']
field,1,2,,,,['field recording']
duluth,1,2,,,,['duluth indie']
death,1,2,,,,['charred death']
charred,1,2,,,,['charred death']
elephant,1,2,,,,['elephant 6']
6,1,2,,,,['elephant 6']
accordeon,1,2,,,,['accordeon']
vocaloid,1,2,,,,['vocaloid']
eugene,1,2,,,,['eugene indie']
idol,1,2,,,,['idol']
gypsy,1,2,,,,['gypsy']
salvadoreno,1,2,,,,['indie salvadoreno']
kleine,1,2,,,,['kleine hoerspiel']
landler,1,2,,,,['landler']
latincore,1,2,,,,['latincore']
tico,1,2,,,,['indie tico']
lesen,1,2,,,,['lesen']
tabla,1,2,,,,['tabla']
synthesizer,1,2,,,,['synthesizer']
lute,1,2,,,,['lute']
medway,1,2,,,,['medway sound']
barnmusik,1,2,,,,['barnmusik']
bangalore,1,2,,,,['bangalore indie']
angolana,1,2,,,,['musica angolana']
ai,1,2,,,,['ai']
steelpan,1,2,,,,['steelpan']
stateside,1,2,,,,['stateside dnb']
speedrun,1,2,,,,['speedrun']
taiko,1,2,,,,['taiko']
tavern,1,2,,,,['tavern']
j-pixie,1,2,,,,['j-pixie']
kindermusik,1,2,,,,['kindermusik']
jamtronica,1,2,,,,['jamtronica']
mantra,1,2,,,,['tibetan mantra']
k-indie,1,2,,,,['k-indie']
kansai,1,2,,,,['kansai indie']
bemani,1,2,,,,['bemani']
tenor,1,2,,,,['italian tenor']
birdsong,1,2,,,,['birdsong']
spoken,1,1,,,,['spoken word']
word,1,1,,,,['spoken word']
product,1,1,,,,['workout product']
washboard,1,1,,,,['washboard']
southern,1,1,,,,['southern china indie']
china,1,1,,,,['southern china indie']
invasion,1,1,,,,['spanish invasion']
workout,1,1,,,,['workout product']
screamocore,1,1,,,,['screamocore']
spacewave,1,1,,,,['spacewave']
yorkshire,1,1,,,,['west yorkshire indie']
weirdcore,1,1,,,,['weirdcore']
petersburg,1,1,,,,['st petersburg fl indie']
fiddle,1,1,,,,['scottish fiddle']
tar,1,1,,,,['tar']
sitar,1,1,,,,['sitar']
tone,1,1,,,,['tone']
adoracao,1,1,,,,['adoracao']
bowl,1,1,,,,['singing bowl']
svensk,1,1,,,,['svensk indie']
umea,1,1,,,,['umea indie']
singing,1,1,,,,['singing bowl']
da,1,1,,,,['viola da gamba']
afrikaans,1,1,,,,['afrikaans']
slc,1,1,,,,['slc indie']
sleep,1,1,,,,['sleep']
talentkonkurranse,1,1,,,,['talentkonkurranse']
sefardi,1,1,,,,['sefardi']
tamaulipas,1,1,,,,['tamaulipas indie']
gamba,1,1,,,,['viola da gamba']
cimbalom,1,1,,,,['cimbalom']
sardinia,1,1,,,,['sardinia indie']
curitibano,1,1,,,,['indie curitibano']
cancion,1,1,,,,['cancion infantil latinoamericana']
romanticism,1,1,,,,['french romanticism']
galway,1,1,,,,['galway indie']
edmunds,1,1,,,,['bury st edmunds indie']
clasica,1,1,,,,['guitarra clasica']
guqin,1,1,,,,['guqin']
bury,1,1,,,,['bury st edmunds indie']
hardingfele,1,1,,,,['hardingfele']
hinos,1,1,,,,['hinos ccb']
ccb,1,1,,,,['hinos ccb']
hong,1,1,,,,['hong kong indie']
kong,1,1,,,,['hong kong indie']
liguria,1,1,,,,['indie liguria']
kundalini,1,1,,,,['kundalini']
queretano,1,1,,,,['indie queretano']
rockism,1,1,,,,['indie rockism']
binaural,1,1,,,,['binaural']
indy,1,1,,,,['indy indie']
mezzo-soprano,1,1,,,,['italian mezzo-soprano']
j-indie,1,1,,,,['j-indie']
jaw,1,1,,,,['jaw harp']
jugendchor,1,1,,,,['jugendchor']
karadeniz,1,1,,,,['karadeniz turkuleri']
turkuleri,1,1,,,,['karadeniz turkuleri']
horizonte,1,1,,,,['belo horizonte indie']
belo,1,1,,,,['belo horizonte indie']
cantautora,1,1,,,,['cantautora argentina']
fotbollslatar,1,1,,,,['fotbollslatar']
veracruzano,1,1,,,,['folklore veracruzano']
peruano,1,1,,,,['folklore peruano']
combos,1,1,,,,['combos nacionales']
nacionales,1,1,,,,['combos nacionales']
comptine,1,1,,,,['comptine africaine']
africaine,1,1,,,,['comptine africaine']
cosmic,1,1,,,,['cosmic american']
dainuojamoji,1,1,,,,['dainuojamoji poezija']
poezija,1,1,,,,['dainuojamoji poezija']
dalarna,1,1,,,,['dalarna indie']
danseband,1,1,,,,['danseband']
dc,1,1,,,,['dc indie']
chill-out,1,1,,,,['deep chill-out']
darkpsy,1,1,,,,['deep darkpsy']
flow,1,1,,,,['deep flow']
demoscene,1,1,,,,['demoscene']
espanol,1,1,,,,['disney espanol']
duduk,1,1,,,,['duduk']
environmental,1,1,,,,['environmental']
charango,1,1,,,,['charango']
euskal,1,1,,,,['euskal indie']
finlandssvenska,1,1,,,,['finlandssvenska musik']
musik,1,1,,,,['finlandssvenska musik']
portugues,1,1,,,,['folclore portugues']
salteno,1,1,,,,['folclore salteno']
tucumano,1,1,,,,['folclore tucumano']
cuyano,1,1,,,,['folklore cuyano']
superband,1,1,,,,['korean superband']
lagu,1,1,,,,['lagu iban']
antonio,1,1,,,,['san antonio indie']
paracana,1,1,,,,['paracana']
track,1,1,,,,['backing track']
backing,1,1,,,,['backing track']
ponk,1,1,,,,['nordnorsk ponk']
normal,1,1,,,,['normal indie']
norrbotten,1,1,,,,['norrbotten indie']
norsk,1,1,,,,['norsk lovsang']
lovsang,1,1,,,,['norsk lovsang']
pernambucana,1,1,,,,['nova musica pernambucana']
nursery,1,1,,,,['nursery']
okc,1,1,,,,['okc indie']
school,1,1,,,,['old school nederhop']
nederhop,1,1,,,,['old school nederhop']
pei,1,1,,,,['pei indie']
iban,1,1,,,,['lagu iban']
perreo,1,1,,,,['perreo']
pipa,1,1,,,,['pipa']
pony,1,1,,,,['pony']
prank,1,1,,,,['prank']
mexicana,1,1,,,,['psicodelia mexicana']
psybass,1,1,,,,['psybass']
rare,1,1,,,,['rare groove']
rhythm,1,1,,,,['rhythm game']
game,1,1,,,,['rhythm game']
rkt,1,1,,,,['rkt']
telepop,1,1,,,,['argentine telepop']
romantico,1,1,,,,['romantico']
neomelodici,1,1,,,,['neomelodici']
necrogrind,1,1,,,,['necrogrind']
ancienne,1,1,,,,['musique ancienne']
dominicana,1,1,,,,['musica tradicional dominicana']
limerick,1,1,,,,['limerick indie']
louvor,1,1,,,,['louvor']
marching,1,1,,,,['marching band']
mathgrind,1,1,,,,['mathgrind']
melodipop,1,1,,,,['melodipop']
messianic,1,1,,,,['messianic praise']
mestissatge,1,1,,,,['mestissatge']
miami,1,1,,,,['miami indie']
middle,1,1,,,,['middle earth']
earth,1,1,,,,['middle earth']
moderne,1,1,,,,['moderne ludovky']
ludovky,1,1,,,,['moderne ludovky']
aragonesa,1,1,,,,['musica aragonesa']
baiana,1,1,,,,['musica baiana']
cabo-verdiana,1,1,,,,['musica cabo-verdiana']
capixaba,1,1,,,,['musica capixaba']
costarricense,1,1,,,,['musica costarricense']
indigena,1,1,,,,['musica indigena latinoamericana']
maranhense,1,1,,,,['musica maranhense']
mato-grossense,1,1,,,,['musica mato-grossense']
menorquina,1,1,,,,['musica menorquina']
criancas,1,1,,,,['musica para criancas']
ninos,1,1,,,,['musica para ninos']
sergipana,1,1,,,,['musica sergipana']
bandolim,1,1,,,,['bandolim']
juiz-forana,1,1,,,,['musica juiz-forana']
